/* Generated by tools/shaders.py from shaders/ui.glsl; do not edit.
 * Regenerate with `python3 tools/shaders.py generate`; `check` verifies the hash below.
 * Compiler: shaderc v2023.8 unknown hash, 2025-09-26, target vulkan1.3.
 *
 * Every dialect of the draw list's one shader. It existed three times by hand until F133,
 * and those copies disagreed about their own attribute numbering and their Y convention. */
#ifndef RENGINE_UI_SHADERS_H
#define RENGINE_UI_SHADERS_H
#include <stdint.h>

#define RE_UI_SHADER_SOURCE_SHA256 "6c660067de2f0fd220d26c3275eb5c5a7cfb57c51f8caa48eb0a3e8207cf3b3c"

static const char re_ui_vertex_glsl[] = {
  0x23, 0x76, 0x65, 0x72, 0x73, 0x69, 0x6f, 0x6e, 0x20, 0x33, 0x33, 0x30, 0x20, 0x63, 0x6f, 0x72,
  0x65, 0x0a, 0x23, 0x64, 0x65, 0x66, 0x69, 0x6e, 0x65, 0x20, 0x49, 0x4e, 0x28, 0x6c, 0x6f, 0x63,
  0x29, 0x20, 0x6c, 0x61, 0x79, 0x6f, 0x75, 0x74, 0x28, 0x6c, 0x6f, 0x63, 0x61, 0x74, 0x69, 0x6f,
  0x6e, 0x20, 0x3d, 0x20, 0x6c, 0x6f, 0x63, 0x29, 0x20, 0x69, 0x6e, 0x0a, 0x23, 0x64, 0x65, 0x66,
  0x69, 0x6e, 0x65, 0x20, 0x4f, 0x55, 0x54, 0x28, 0x6c, 0x6f, 0x63, 0x29, 0x20, 0x6f, 0x75, 0x74,
  0x0a, 0x23, 0x64, 0x65, 0x66, 0x69, 0x6e, 0x65, 0x20, 0x46, 0x4c, 0x41, 0x54, 0x5f, 0x4f, 0x55,
  0x54, 0x28, 0x6c, 0x6f, 0x63, 0x29, 0x20, 0x66, 0x6c, 0x61, 0x74, 0x20, 0x6f, 0x75, 0x74, 0x0a,
  0x23, 0x64, 0x65, 0x66, 0x69, 0x6e, 0x65, 0x20, 0x49, 0x4e, 0x5f, 0x46, 0x28, 0x6c, 0x6f, 0x63,
  0x29, 0x20, 0x69, 0x6e, 0x0a, 0x23, 0x64, 0x65, 0x66, 0x69, 0x6e, 0x65, 0x20, 0x46, 0x4c, 0x41,
  0x54, 0x5f, 0x49, 0x4e, 0x28, 0x6c, 0x6f, 0x63, 0x29, 0x20, 0x66, 0x6c, 0x61, 0x74, 0x20, 0x69,
  0x6e, 0x0a, 0x23, 0x64, 0x65, 0x66, 0x69, 0x6e, 0x65, 0x20, 0x4f, 0x55, 0x54, 0x5f, 0x43, 0x4f,
  0x4c, 0x4f, 0x52, 0x20, 0x6f, 0x75, 0x74, 0x20, 0x76, 0x65, 0x63, 0x34, 0x20, 0x6f, 0x5f, 0x63,
  0x6f, 0x6c, 0x6f, 0x72, 0x3b, 0x0a, 0x2f, 0x2a, 0x20, 0x4e, 0x44, 0x43, 0x5f, 0x59, 0x20, 0x74,
  0x75, 0x72, 0x6e, 0x73, 0x20, 0x61, 0x20, 0x30, 0x2e, 0x2e, 0x31, 0x20, 0x74, 0x6f, 0x70, 0x2d,
  0x64, 0x6f, 0x77, 0x6e, 0x20, 0x70, 0x6f, 0x73, 0x69, 0x74, 0x69, 0x6f, 0x6e, 0x20, 0x69, 0x6e,
  0x74, 0x6f, 0x20, 0x74, 0x68, 0x69, 0x73, 0x20, 0x41, 0x50, 0x49, 0x27, 0x73, 0x20, 0x63, 0x6c,
  0x69, 0x70, 0x2d, 0x73, 0x70, 0x61, 0x63, 0x65, 0x20, 0x59, 0x20, 0x73, 0x75, 0x63, 0x68, 0x20,
  0x74, 0x68, 0x61, 0x74, 0x20, 0x74, 0x68, 0x65, 0x20, 0x54, 0x4f, 0x50, 0x20, 0x6f, 0x66, 0x20,
  0x74, 0x68, 0x65, 0x0a, 0x20, 0x20, 0x20, 0x64, 0x72, 0x61, 0x77, 0x20, 0x6c, 0x69, 0x73, 0x74,
  0x20, 0x69, 0x73, 0x20, 0x74, 0x68, 0x65, 0x20, 0x74, 0x6f, 0x70, 0x20, 0x6f, 0x66, 0x20, 0x74,
  0x68, 0x65, 0x20, 0x57, 0x49, 0x4e, 0x44, 0x4f, 0x57, 0x2e, 0x20, 0x49, 0x74, 0x20, 0x69, 0x73,
  0x20, 0x6e, 0x6f, 0x74, 0x20, 0x74, 0x68, 0x65, 0x20, 0x73, 0x61, 0x6d, 0x65, 0x20, 0x65, 0x78,
  0x70, 0x72, 0x65, 0x73, 0x73, 0x69, 0x6f, 0x6e, 0x20, 0x6f, 0x6e, 0x20, 0x65, 0x76, 0x65, 0x72,
  0x79, 0x20, 0x41, 0x50, 0x49, 0x2c, 0x20, 0x61, 0x6e, 0x64, 0x20, 0x74, 0x68, 0x65, 0x20, 0x74,
  0x68, 0x72, 0x65, 0x65, 0x0a, 0x20, 0x20, 0x20, 0x68, 0x61, 0x6e, 0x64, 0x2d, 0x77, 0x72, 0x69,
  0x74, 0x74, 0x65, 0x6e, 0x20, 0x62, 0x61, 0x63, 0x6b, 0x65, 0x6e, 0x64, 0x73, 0x20, 0x77, 0x65,
  0x72, 0x65, 0x20, 0x72, 0x69, 0x67, 0x68, 0x74, 0x20, 0x74, 0x6f, 0x20, 0x64, 0x69, 0x73, 0x61,
  0x67, 0x72, 0x65, 0x65, 0x20, 0x61, 0x62, 0x6f, 0x75, 0x74, 0x20, 0x69, 0x74, 0x20, 0x2d, 0x2d,
  0x20, 0x73, 0x65, 0x65, 0x20, 0x74, 0x68, 0x65, 0x20, 0x6e, 0x6f, 0x74, 0x65, 0x20, 0x69, 0x6e,
  0x20, 0x74, 0x6f, 0x6f, 0x6c, 0x73, 0x2f, 0x73, 0x68, 0x61, 0x64, 0x65, 0x72, 0x73, 0x2e, 0x70,
  0x79, 0x2e, 0x20, 0x2a, 0x2f, 0x0a, 0x23, 0x64, 0x65, 0x66, 0x69, 0x6e, 0x65, 0x20, 0x4e, 0x44,
  0x43, 0x5f, 0x59, 0x28, 0x74, 0x29, 0x20, 0x28, 0x31, 0x2e, 0x30, 0x20, 0x2d, 0x20, 0x28, 0x74,
  0x29, 0x20, 0x2a, 0x20, 0x32, 0x2e, 0x30, 0x29, 0x0a, 0x23, 0x64, 0x65, 0x66, 0x69, 0x6e, 0x65,
  0x20, 0x56, 0x45, 0x52, 0x54, 0x45, 0x58, 0x20, 0x31, 0x0a, 0x2f, 0x2f, 0x20, 0x54, 0x68, 0x65,
  0x20, 0x64, 0x72, 0x61, 0x77, 0x20, 0x6c, 0x69, 0x73, 0x74, 0x27, 0x73, 0x20, 0x6f, 0x6e, 0x65,
  0x20, 0x73, 0x68, 0x61, 0x64, 0x65, 0x72, 0x2c, 0x20, 0x69, 0x6e, 0x20, 0x6f, 0x6e, 0x65, 0x20,
  0x73, 0x6f, 0x75, 0x72, 0x63, 0x65, 0x20, 0x28, 0x73, 0x70, 0x65, 0x63, 0x20, 0x31, 0x32, 0x34,
  0x2c, 0x20, 0x46, 0x31, 0x33, 0x33, 0x29, 0x2e, 0x0a, 0x2f, 0x2f, 0x0a, 0x2f, 0x2f, 0x20, 0x49,
  0x74, 0x20, 0x75, 0x73, 0x65, 0x64, 0x20, 0x74, 0x6f, 0x20, 0x65, 0x78, 0x69, 0x73, 0x74, 0x20,
  0x74, 0x68, 0x72, 0x65, 0x65, 0x20, 0x74, 0x69, 0x6d, 0x65, 0x73, 0x3a, 0x20, 0x69, 0x6e, 0x6c,
  0x69, 0x6e, 0x65, 0x20, 0x47, 0x4c, 0x53, 0x4c, 0x20, 0x69, 0x6e, 0x20, 0x62, 0x61, 0x63, 0x6b,
  0x65, 0x6e, 0x64, 0x5f, 0x67, 0x6c, 0x2e, 0x63, 0x2c, 0x20, 0x74, 0x68, 0x69, 0x73, 0x20, 0x64,
  0x69, 0x72, 0x65, 0x63, 0x74, 0x6f, 0x72, 0x79, 0x27, 0x73, 0x20, 0x75, 0x69, 0x2e, 0x76, 0x65,
  0x72, 0x74, 0x2f, 0x75, 0x69, 0x2e, 0x66, 0x72, 0x61, 0x67, 0x20, 0x66, 0x6f, 0x72, 0x0a, 0x2f,
  0x2f, 0x20, 0x74, 0x68, 0x65, 0x20, 0x56, 0x75, 0x6c, 0x6b, 0x61, 0x6e, 0x20, 0x61, 0x64, 0x61,
  0x70, 0x74, 0x65, 0x72, 0x2c, 0x20, 0x61, 0x6e, 0x64, 0x20, 0x69, 0x6e, 0x6c, 0x69, 0x6e, 0x65,
  0x20, 0x4d, 0x53, 0x4c, 0x20, 0x69, 0x6e, 0x20, 0x62, 0x61, 0x63, 0x6b, 0x65, 0x6e, 0x64, 0x5f,
  0x6d, 0x65, 0x74, 0x61, 0x6c, 0x2e, 0x6d, 0x2e, 0x20, 0x54, 0x68, 0x65, 0x20, 0x73, 0x69, 0x67,
  0x6e, 0x65, 0x64, 0x2d, 0x64, 0x69, 0x73, 0x74, 0x61, 0x6e, 0x63, 0x65, 0x20, 0x6d, 0x61, 0x74,
  0x68, 0x73, 0x20, 0x61, 0x67, 0x72, 0x65, 0x65, 0x64, 0x2c, 0x20, 0x62, 0x65, 0x63, 0x61, 0x75,
  0x73, 0x65, 0x0a, 0x2f, 0x2f, 0x20, 0x73, 0x6f, 0x6d, 0x65, 0x6f, 0x6e, 0x65, 0x20, 0x6b, 0x65,
  0x70, 0x74, 0x20, 0x69, 0x74, 0x20, 0x61, 0x67, 0x72, 0x65, 0x65, 0x69, 0x6e, 0x67, 0x3b, 0x20,
  0x74, 0x68, 0x65, 0x20, 0x49, 0x4e, 0x54, 0x45, 0x52, 0x46, 0x41, 0x43, 0x45, 0x53, 0x20, 0x64,
  0x69, 0x64, 0x20, 0x6e, 0x6f, 0x74, 0x20, 0xe2, 0x80, 0x94, 0x20, 0x74, 0x68, 0x65, 0x20, 0x56,
  0x75, 0x6c, 0x6b, 0x61, 0x6e, 0x20, 0x63, 0x6f, 0x70, 0x79, 0x20, 0x6e, 0x75, 0x6d, 0x62, 0x65,
  0x72, 0x65, 0x64, 0x20, 0x69, 0x74, 0x73, 0x20, 0x61, 0x74, 0x74, 0x72, 0x69, 0x62, 0x75, 0x74,
  0x65, 0x73, 0x0a, 0x2f, 0x2f, 0x20, 0x73, 0x68, 0x61, 0x70, 0x65, 0x2c, 0x20, 0x72, 0x61, 0x64,
  0x69, 0x69, 0x2c, 0x20, 0x70, 0x6f, 0x73, 0x2c, 0x20, 0x75, 0x76, 0x2c, 0x20, 0x65, 0x78, 0x74,
  0x72, 0x61, 0x2c, 0x20, 0x63, 0x6f, 0x6c, 0x6f, 0x72, 0x20, 0x77, 0x68, 0x69, 0x6c, 0x65, 0x20,
  0x74, 0x68, 0x65, 0x20, 0x4f, 0x70, 0x65, 0x6e, 0x47, 0x4c, 0x20, 0x63, 0x6f, 0x70, 0x79, 0x20,
  0x6e, 0x75, 0x6d, 0x62, 0x65, 0x72, 0x65, 0x64, 0x20, 0x74, 0x68, 0x65, 0x6d, 0x20, 0x70, 0x6f,
  0x73, 0x2c, 0x20, 0x75, 0x76, 0x2c, 0x20, 0x63, 0x6f, 0x6c, 0x6f, 0x72, 0x2c, 0x20, 0x73, 0x68,
  0x61, 0x70, 0x65, 0x2c, 0x0a, 0x2f, 0x2f, 0x20, 0x72, 0x61, 0x64, 0x69, 0x69, 0x2c, 0x20, 0x65,
  0x78, 0x74, 0x72, 0x61, 0x2c, 0x20, 0x61, 0x6e, 0x64, 0x20, 0x74, 0x68, 0x65, 0x20, 0x74, 0x77,
  0x6f, 0x20, 0x65, 0x6d, 0x69, 0x74, 0x74, 0x65, 0x64, 0x20, 0x6f, 0x70, 0x70, 0x6f, 0x73, 0x69,
  0x74, 0x65, 0x20, 0x59, 0x2e, 0x20, 0x54, 0x68, 0x72, 0x65, 0x65, 0x20, 0x64, 0x69, 0x61, 0x6c,
  0x65, 0x63, 0x74, 0x73, 0x20, 0x6f, 0x66, 0x20, 0x6f, 0x6e, 0x65, 0x20, 0x73, 0x68, 0x61, 0x64,
  0x65, 0x72, 0x20, 0x69, 0x73, 0x20, 0x61, 0x20, 0x64, 0x72, 0x69, 0x66, 0x74, 0x20, 0x72, 0x69,
  0x73, 0x6b, 0x3b, 0x20, 0x74, 0x68, 0x72, 0x65, 0x65, 0x0a, 0x2f, 0x2f, 0x20, 0x64, 0x69, 0x61,
  0x6c, 0x65, 0x63, 0x74, 0x73, 0x20, 0x74, 0x68, 0x61, 0x74, 0x20, 0x61, 0x6c, 0x72, 0x65, 0x61,
  0x64, 0x79, 0x20, 0x64, 0x69, 0x73, 0x61, 0x67, 0x72, 0x65, 0x65, 0x64, 0x20, 0x61, 0x62, 0x6f,
  0x75, 0x74, 0x20, 0x74, 0x68, 0x65, 0x69, 0x72, 0x20, 0x6f, 0x77, 0x6e, 0x20, 0x76, 0x65, 0x72,
  0x74, 0x65, 0x78, 0x20, 0x6c, 0x61, 0x79, 0x6f, 0x75, 0x74, 0x20, 0x69, 0x73, 0x20, 0x74, 0x68,
  0x65, 0x20, 0x64, 0x72, 0x69, 0x66, 0x74, 0x2e, 0x0a, 0x2f, 0x2f, 0x0a, 0x2f, 0x2f, 0x20, 0x4f,
  0x6e, 0x65, 0x20, 0x6c, 0x61, 0x79, 0x6f, 0x75, 0x74, 0x20, 0x6e, 0x6f, 0x77, 0x2c, 0x20, 0x61,
  0x6e, 0x64, 0x20, 0x6f, 0x6e, 0x65, 0x20, 0x59, 0x2e, 0x20, 0x54, 0x68, 0x65, 0x20, 0x73, 0x65,
  0x61, 0x6d, 0x27, 0x73, 0x20, 0x62, 0x61, 0x63, 0x6b, 0x65, 0x6e, 0x64, 0x73, 0x20, 0x73, 0x74,
  0x6f, 0x72, 0x65, 0x20, 0x4e, 0x44, 0x43, 0x20, 0x2d, 0x31, 0x20, 0x69, 0x6e, 0x20, 0x72, 0x6f,
  0x77, 0x20, 0x30, 0x20, 0x6f, 0x6e, 0x20, 0x65, 0x76, 0x65, 0x72, 0x79, 0x20, 0x41, 0x50, 0x49,
  0x20, 0x28, 0x73, 0x65, 0x65, 0x20, 0x74, 0x68, 0x65, 0x20, 0x6c, 0x6f, 0x6e, 0x67, 0x0a, 0x2f,
  0x2f, 0x20, 0x6e, 0x6f, 0x74, 0x65, 0x20, 0x69, 0x6e, 0x20, 0x67, 0x70, 0x75, 0x5f, 0x73, 0x65,
  0x61, 0x6d, 0x5f, 0x76, 0x6b, 0x2e, 0x63, 0x29, 0x2c, 0x20, 0x73, 0x6f, 0x20, 0x74, 0x68, 0x65,
  0x20, 0x4f, 0x70, 0x65, 0x6e, 0x47, 0x4c, 0x20, 0x66, 0x6f, 0x72, 0x6d, 0x75, 0x6c, 0x61, 0x20,
  0x69, 0x73, 0x20, 0x74, 0x68, 0x65, 0x20, 0x66, 0x6f, 0x72, 0x6d, 0x75, 0x6c, 0x61, 0x20, 0x65,
  0x76, 0x65, 0x72, 0x79, 0x77, 0x68, 0x65, 0x72, 0x65, 0x3a, 0x20, 0x6c, 0x6f, 0x67, 0x69, 0x63,
  0x61, 0x6c, 0x20, 0x79, 0x20, 0x63, 0x6f, 0x75, 0x6e, 0x74, 0x73, 0x20, 0x64, 0x6f, 0x77, 0x6e,
  0x0a, 0x2f, 0x2f, 0x20, 0x66, 0x72, 0x6f, 0x6d, 0x20, 0x74, 0x68, 0x65, 0x20, 0x74, 0x6f, 0x70,
  0x20, 0x6f, 0x66, 0x20, 0x74, 0x68, 0x65, 0x20, 0x77, 0x69, 0x6e, 0x64, 0x6f, 0x77, 0x2c, 0x20,
  0x61, 0x6e, 0x64, 0x20, 0x31, 0x2e, 0x30, 0x20, 0x2d, 0x20, 0x79, 0x2f, 0x68, 0x2a, 0x32, 0x20,
  0x70, 0x75, 0x74, 0x73, 0x20, 0x69, 0x74, 0x20, 0x77, 0x68, 0x65, 0x72, 0x65, 0x20, 0x65, 0x76,
  0x65, 0x72, 0x79, 0x20, 0x62, 0x61, 0x63, 0x6b, 0x65, 0x6e, 0x64, 0x20, 0x61, 0x67, 0x72, 0x65,
  0x65, 0x73, 0x20, 0x69, 0x74, 0x20, 0x67, 0x6f, 0x65, 0x73, 0x2e, 0x0a, 0x2f, 0x2f, 0x0a, 0x2f,
  0x2f, 0x20, 0x4d, 0x6f, 0x64, 0x65, 0x73, 0x3a, 0x20, 0x30, 0x20, 0x73, 0x6f, 0x6c, 0x69, 0x64,
  0x2c, 0x20, 0x31, 0x20, 0x72, 0x6f, 0x75, 0x6e, 0x64, 0x65, 0x64, 0x20, 0x66, 0x69, 0x6c, 0x6c,
  0x2c, 0x20, 0x32, 0x20, 0x72, 0x69, 0x6e, 0x67, 0x2c, 0x20, 0x33, 0x20, 0x73, 0x68, 0x61, 0x64,
  0x6f, 0x77, 0x2c, 0x20, 0x34, 0x20, 0x63, 0x6f, 0x76, 0x65, 0x72, 0x61, 0x67, 0x65, 0x20, 0x61,
  0x74, 0x6c, 0x61, 0x73, 0x2c, 0x20, 0x35, 0x20, 0x52, 0x47, 0x42, 0x41, 0x20, 0x74, 0x65, 0x78,
  0x74, 0x75, 0x72, 0x65, 0x2e, 0x0a, 0x0a, 0x75, 0x6e, 0x69, 0x66, 0x6f, 0x72, 0x6d, 0x20, 0x76,
  0x65, 0x63, 0x34, 0x20, 0x75, 0x5f, 0x73, 0x69, 0x7a, 0x65, 0x3b, 0x0a, 0x75, 0x6e, 0x69, 0x66,
  0x6f, 0x72, 0x6d, 0x20, 0x73, 0x61, 0x6d, 0x70, 0x6c, 0x65, 0x72, 0x32, 0x44, 0x20, 0x75, 0x5f,
  0x74, 0x65, 0x78, 0x74, 0x75, 0x72, 0x65, 0x3b, 0x0a, 0x0a, 0x23, 0x69, 0x66, 0x64, 0x65, 0x66,
  0x20, 0x56, 0x45, 0x52, 0x54, 0x45, 0x58, 0x0a, 0x49, 0x4e, 0x28, 0x30, 0x29, 0x20, 0x76, 0x65,
  0x63, 0x32, 0x20, 0x61, 0x5f, 0x70, 0x6f, 0x73, 0x3b, 0x0a, 0x49, 0x4e, 0x28, 0x31, 0x29, 0x20,
  0x76, 0x65, 0x63, 0x32, 0x20, 0x61, 0x5f, 0x75, 0x76, 0x3b, 0x0a, 0x49, 0x4e, 0x28, 0x32, 0x29,
  0x20, 0x76, 0x65, 0x63, 0x34, 0x20, 0x61, 0x5f, 0x63, 0x6f, 0x6c, 0x6f, 0x72, 0x3b, 0x0a, 0x49,
  0x4e, 0x28, 0x33, 0x29, 0x20, 0x76, 0x65, 0x63, 0x34, 0x20, 0x61, 0x5f, 0x73, 0x68, 0x61, 0x70,
  0x65, 0x3b, 0x0a, 0x49, 0x4e, 0x28, 0x34, 0x29, 0x20, 0x76, 0x65, 0x63, 0x34, 0x20, 0x61, 0x5f,
  0x72, 0x61, 0x64, 0x69, 0x69, 0x3b, 0x0a, 0x49, 0x4e, 0x28, 0x35, 0x29, 0x20, 0x76, 0x65, 0x63,
  0x32, 0x20, 0x61, 0x5f, 0x65, 0x78, 0x74, 0x72, 0x61, 0x3b, 0x0a, 0x4f, 0x55, 0x54, 0x28, 0x30,
  0x29, 0x20, 0x76, 0x65, 0x63, 0x32, 0x20, 0x76, 0x5f, 0x70, 0x6f, 0x73, 0x3b, 0x0a, 0x4f, 0x55,
  0x54, 0x28, 0x31, 0x29, 0x20, 0x76, 0x65, 0x63, 0x32, 0x20, 0x76, 0x5f, 0x75, 0x76, 0x3b, 0x0a,
  0x4f, 0x55, 0x54, 0x28, 0x32, 0x29, 0x20, 0x76, 0x65, 0x63, 0x34, 0x20, 0x76, 0x5f, 0x63, 0x6f,
  0x6c, 0x6f, 0x72, 0x3b, 0x0a, 0x46, 0x4c, 0x41, 0x54, 0x5f, 0x4f, 0x55, 0x54, 0x28, 0x33, 0x29,
  0x20, 0x76, 0x65, 0x63, 0x34, 0x20, 0x76, 0x5f, 0x73, 0x68, 0x61, 0x70, 0x65, 0x3b, 0x0a, 0x46,
  0x4c, 0x41, 0x54, 0x5f, 0x4f, 0x55, 0x54, 0x28, 0x34, 0x29, 0x20, 0x76, 0x65, 0x63, 0x34, 0x20,
  0x76, 0x5f, 0x72, 0x61, 0x64, 0x69, 0x69, 0x3b, 0x0a, 0x46, 0x4c, 0x41, 0x54, 0x5f, 0x4f, 0x55,
  0x54, 0x28, 0x35, 0x29, 0x20, 0x76, 0x65, 0x63, 0x32, 0x20, 0x76, 0x5f, 0x65, 0x78, 0x74, 0x72,
  0x61, 0x3b, 0x0a, 0x76, 0x6f, 0x69, 0x64, 0x20, 0x6d, 0x61, 0x69, 0x6e, 0x28, 0x29, 0x20, 0x7b,
  0x0a, 0x20, 0x20, 0x76, 0x5f, 0x70, 0x6f, 0x73, 0x20, 0x3d, 0x20, 0x61, 0x5f, 0x70, 0x6f, 0x73,
  0x3b, 0x20, 0x76, 0x5f, 0x75, 0x76, 0x20, 0x3d, 0x20, 0x61, 0x5f, 0x75, 0x76, 0x3b, 0x20, 0x76,
  0x5f, 0x63, 0x6f, 0x6c, 0x6f, 0x72, 0x20, 0x3d, 0x20, 0x61, 0x5f, 0x63, 0x6f, 0x6c, 0x6f, 0x72,
  0x3b, 0x0a, 0x20, 0x20, 0x76, 0x5f, 0x73, 0x68, 0x61, 0x70, 0x65, 0x20, 0x3d, 0x20, 0x61, 0x5f,
  0x73, 0x68, 0x61, 0x70, 0x65, 0x3b, 0x20, 0x76, 0x5f, 0x72, 0x61, 0x64, 0x69, 0x69, 0x20, 0x3d,
  0x20, 0x61, 0x5f, 0x72, 0x61, 0x64, 0x69, 0x69, 0x3b, 0x20, 0x76, 0x5f, 0x65, 0x78, 0x74, 0x72,
  0x61, 0x20, 0x3d, 0x20, 0x61, 0x5f, 0x65, 0x78, 0x74, 0x72, 0x61, 0x3b, 0x0a, 0x20, 0x20, 0x67,
  0x6c, 0x5f, 0x50, 0x6f, 0x73, 0x69, 0x74, 0x69, 0x6f, 0x6e, 0x20, 0x3d, 0x20, 0x76, 0x65, 0x63,
  0x34, 0x28, 0x61, 0x5f, 0x70, 0x6f, 0x73, 0x2e, 0x78, 0x20, 0x2f, 0x20, 0x75, 0x5f, 0x73, 0x69,
  0x7a, 0x65, 0x2e, 0x78, 0x20, 0x2a, 0x20, 0x32, 0x2e, 0x30, 0x20, 0x2d, 0x20, 0x31, 0x2e, 0x30,
  0x2c, 0x20, 0x4e, 0x44, 0x43, 0x5f, 0x59, 0x28, 0x61, 0x5f, 0x70, 0x6f, 0x73, 0x2e, 0x79, 0x20,
  0x2f, 0x20, 0x75, 0x5f, 0x73, 0x69, 0x7a, 0x65, 0x2e, 0x79, 0x29, 0x2c, 0x20, 0x30, 0x2e, 0x30,
  0x2c, 0x20, 0x31, 0x2e, 0x30, 0x29, 0x3b, 0x0a, 0x7d, 0x0a, 0x23, 0x65, 0x6c, 0x73, 0x65, 0x0a,
  0x49, 0x4e, 0x5f, 0x46, 0x28, 0x30, 0x29, 0x20, 0x76, 0x65, 0x63, 0x32, 0x20, 0x76, 0x5f, 0x70,
  0x6f, 0x73, 0x3b, 0x0a, 0x49, 0x4e, 0x5f, 0x46, 0x28, 0x31, 0x29, 0x20, 0x76, 0x65, 0x63, 0x32,
  0x20, 0x76, 0x5f, 0x75, 0x76, 0x3b, 0x0a, 0x49, 0x4e, 0x5f, 0x46, 0x28, 0x32, 0x29, 0x20, 0x76,
  0x65, 0x63, 0x34, 0x20, 0x76, 0x5f, 0x63, 0x6f, 0x6c, 0x6f, 0x72, 0x3b, 0x0a, 0x46, 0x4c, 0x41,
  0x54, 0x5f, 0x49, 0x4e, 0x28, 0x33, 0x29, 0x20, 0x76, 0x65, 0x63, 0x34, 0x20, 0x76, 0x5f, 0x73,
  0x68, 0x61, 0x70, 0x65, 0x3b, 0x0a, 0x46, 0x4c, 0x41, 0x54, 0x5f, 0x49, 0x4e, 0x28, 0x34, 0x29,
  0x20, 0x76, 0x65, 0x63, 0x34, 0x20, 0x76, 0x5f, 0x72, 0x61, 0x64, 0x69, 0x69, 0x3b, 0x0a, 0x46,
  0x4c, 0x41, 0x54, 0x5f, 0x49, 0x4e, 0x28, 0x35, 0x29, 0x20, 0x76, 0x65, 0x63, 0x32, 0x20, 0x76,
  0x5f, 0x65, 0x78, 0x74, 0x72, 0x61, 0x3b, 0x0a, 0x4f, 0x55, 0x54, 0x5f, 0x43, 0x4f, 0x4c, 0x4f,
  0x52, 0x0a, 0x66, 0x6c, 0x6f, 0x61, 0x74, 0x20, 0x62, 0x6f, 0x78, 0x28, 0x76, 0x65, 0x63, 0x32,
  0x20, 0x70, 0x2c, 0x20, 0x76, 0x65, 0x63, 0x32, 0x20, 0x68, 0x2c, 0x20, 0x66, 0x6c, 0x6f, 0x61,
  0x74, 0x20, 0x72, 0x29, 0x20, 0x7b, 0x20, 0x76, 0x65, 0x63, 0x32, 0x20, 0x71, 0x20, 0x3d, 0x20,
  0x61, 0x62, 0x73, 0x28, 0x70, 0x29, 0x20, 0x2d, 0x20, 0x28, 0x68, 0x20, 0x2d, 0x20, 0x76, 0x65,
  0x63, 0x32, 0x28, 0x72, 0x29, 0x29, 0x3b, 0x20, 0x72, 0x65, 0x74, 0x75, 0x72, 0x6e, 0x20, 0x6c,
  0x65, 0x6e, 0x67, 0x74, 0x68, 0x28, 0x6d, 0x61, 0x78, 0x28, 0x71, 0x2c, 0x20, 0x30, 0x2e, 0x30,
  0x29, 0x29, 0x20, 0x2b, 0x20, 0x6d, 0x69, 0x6e, 0x28, 0x6d, 0x61, 0x78, 0x28, 0x71, 0x2e, 0x78,
  0x2c, 0x20, 0x71, 0x2e, 0x79, 0x29, 0x2c, 0x20, 0x30, 0x2e, 0x30, 0x29, 0x20, 0x2d, 0x20, 0x72,
  0x3b, 0x20, 0x7d, 0x0a, 0x66, 0x6c, 0x6f, 0x61, 0x74, 0x20, 0x63, 0x6f, 0x72, 0x6e, 0x65, 0x72,
  0x28, 0x76, 0x65, 0x63, 0x32, 0x20, 0x70, 0x29, 0x20, 0x7b, 0x20, 0x72, 0x65, 0x74, 0x75, 0x72,
  0x6e, 0x20, 0x70, 0x2e, 0x78, 0x20, 0x3c, 0x20, 0x30, 0x2e, 0x30, 0x20, 0x3f, 0x20, 0x28, 0x70,
  0x2e, 0x79, 0x20, 0x3c, 0x20, 0x30, 0x2e, 0x30, 0x20, 0x3f, 0x20, 0x76, 0x5f, 0x72, 0x61, 0x64,
  0x69, 0x69, 0x2e, 0x78, 0x20, 0x3a, 0x20, 0x76, 0x5f, 0x72, 0x61, 0x64, 0x69, 0x69, 0x2e, 0x77,
  0x29, 0x20, 0x3a, 0x20, 0x28, 0x70, 0x2e, 0x79, 0x20, 0x3c, 0x20, 0x30, 0x2e, 0x30, 0x20, 0x3f,
  0x20, 0x76, 0x5f, 0x72, 0x61, 0x64, 0x69, 0x69, 0x2e, 0x79, 0x20, 0x3a, 0x20, 0x76, 0x5f, 0x72,
  0x61, 0x64, 0x69, 0x69, 0x2e, 0x7a, 0x29, 0x3b, 0x20, 0x7d, 0x0a, 0x76, 0x6f, 0x69, 0x64, 0x20,
  0x6d, 0x61, 0x69, 0x6e, 0x28, 0x29, 0x20, 0x7b, 0x0a, 0x20, 0x20, 0x69, 0x6e, 0x74, 0x20, 0x6d,
  0x6f, 0x64, 0x65, 0x20, 0x3d, 0x20, 0x69, 0x6e, 0x74, 0x28, 0x76, 0x5f, 0x65, 0x78, 0x74, 0x72,
  0x61, 0x2e, 0x79, 0x20, 0x2b, 0x20, 0x30, 0x2e, 0x35, 0x29, 0x3b, 0x20, 0x76, 0x65, 0x63, 0x34,
  0x20, 0x63, 0x20, 0x3d, 0x20, 0x76, 0x5f, 0x63, 0x6f, 0x6c, 0x6f, 0x72, 0x3b, 0x20, 0x76, 0x65,
  0x63, 0x32, 0x20, 0x70, 0x20, 0x3d, 0x20, 0x76, 0x5f, 0x70, 0x6f, 0x73, 0x20, 0x2d, 0x20, 0x76,
  0x5f, 0x73, 0x68, 0x61, 0x70, 0x65, 0x2e, 0x78, 0x79, 0x3b, 0x20, 0x76, 0x65, 0x63, 0x32, 0x20,
  0x68, 0x20, 0x3d, 0x20, 0x76, 0x5f, 0x73, 0x68, 0x61, 0x70, 0x65, 0x2e, 0x7a, 0x77, 0x3b, 0x20,
  0x66, 0x6c, 0x6f, 0x61, 0x74, 0x20, 0x77, 0x20, 0x3d, 0x20, 0x76, 0x5f, 0x65, 0x78, 0x74, 0x72,
  0x61, 0x2e, 0x78, 0x3b, 0x0a, 0x20, 0x20, 0x69, 0x66, 0x20, 0x28, 0x6d, 0x6f, 0x64, 0x65, 0x20,
  0x3d, 0x3d, 0x20, 0x31, 0x29, 0x20, 0x7b, 0x20, 0x63, 0x2e, 0x61, 0x20, 0x2a, 0x3d, 0x20, 0x63,
  0x6c, 0x61, 0x6d, 0x70, 0x28, 0x30, 0x2e, 0x35, 0x20, 0x2d, 0x20, 0x62, 0x6f, 0x78, 0x28, 0x70,
  0x2c, 0x20, 0x68, 0x2c, 0x20, 0x63, 0x6f, 0x72, 0x6e, 0x65, 0x72, 0x28, 0x70, 0x29, 0x29, 0x2c,
  0x20, 0x30, 0x2e, 0x30, 0x2c, 0x20, 0x31, 0x2e, 0x30, 0x29, 0x3b, 0x20, 0x7d, 0x0a, 0x20, 0x20,
  0x65, 0x6c, 0x73, 0x65, 0x20, 0x69, 0x66, 0x20, 0x28, 0x6d, 0x6f, 0x64, 0x65, 0x20, 0x3d, 0x3d,
  0x20, 0x32, 0x29, 0x20, 0x7b, 0x20, 0x66, 0x6c, 0x6f, 0x61, 0x74, 0x20, 0x72, 0x20, 0x3d, 0x20,
  0x63, 0x6f, 0x72, 0x6e, 0x65, 0x72, 0x28, 0x70, 0x29, 0x3b, 0x20, 0x66, 0x6c, 0x6f, 0x61, 0x74,
  0x20, 0x6f, 0x20, 0x3d, 0x20, 0x63, 0x6c, 0x61, 0x6d, 0x70, 0x28, 0x30, 0x2e, 0x35, 0x20, 0x2d,
  0x20, 0x62, 0x6f, 0x78, 0x28, 0x70, 0x2c, 0x20, 0x68, 0x2c, 0x20, 0x72, 0x29, 0x2c, 0x20, 0x30,
  0x2e, 0x30, 0x2c, 0x20, 0x31, 0x2e, 0x30, 0x29, 0x3b, 0x0a, 0x20, 0x20, 0x20, 0x20, 0x66, 0x6c,
  0x6f, 0x61, 0x74, 0x20, 0x69, 0x20, 0x3d, 0x20, 0x63, 0x6c, 0x61, 0x6d, 0x70, 0x28, 0x30, 0x2e,
  0x35, 0x20, 0x2d, 0x20, 0x62, 0x6f, 0x78, 0x28, 0x70, 0x2c, 0x20, 0x68, 0x20, 0x2d, 0x20, 0x76,
  0x65, 0x63, 0x32, 0x28, 0x77, 0x29, 0x2c, 0x20, 0x6d, 0x61, 0x78, 0x28, 0x72, 0x20, 0x2d, 0x20,
  0x77, 0x2c, 0x20, 0x30, 0x2e, 0x30, 0x29, 0x29, 0x2c, 0x20, 0x30, 0x2e, 0x30, 0x2c, 0x20, 0x31,
  0x2e, 0x30, 0x29, 0x3b, 0x20, 0x63, 0x2e, 0x61, 0x20, 0x2a, 0x3d, 0x20, 0x6f, 0x20, 0x2a, 0x20,
  0x28, 0x31, 0x2e, 0x30, 0x20, 0x2d, 0x20, 0x69, 0x29, 0x3b, 0x20, 0x7d, 0x0a, 0x20, 0x20, 0x65,
  0x6c, 0x73, 0x65, 0x20, 0x69, 0x66, 0x20, 0x28, 0x6d, 0x6f, 0x64, 0x65, 0x20, 0x3d, 0x3d, 0x20,
  0x33, 0x29, 0x20, 0x7b, 0x20, 0x63, 0x2e, 0x61, 0x20, 0x2a, 0x3d, 0x20, 0x31, 0x2e, 0x30, 0x20,
  0x2d, 0x20, 0x73, 0x6d, 0x6f, 0x6f, 0x74, 0x68, 0x73, 0x74, 0x65, 0x70, 0x28, 0x30, 0x2e, 0x30,
  0x2c, 0x20, 0x77, 0x2c, 0x20, 0x62, 0x6f, 0x78, 0x28, 0x70, 0x2c, 0x20, 0x68, 0x2c, 0x20, 0x63,
  0x6f, 0x72, 0x6e, 0x65, 0x72, 0x28, 0x70, 0x29, 0x29, 0x29, 0x3b, 0x20, 0x7d, 0x0a, 0x20, 0x20,
  0x65, 0x6c, 0x73, 0x65, 0x20, 0x69, 0x66, 0x20, 0x28, 0x6d, 0x6f, 0x64, 0x65, 0x20, 0x3d, 0x3d,
  0x20, 0x34, 0x29, 0x20, 0x7b, 0x20, 0x63, 0x2e, 0x61, 0x20, 0x2a, 0x3d, 0x20, 0x74, 0x65, 0x78,
  0x74, 0x75, 0x72, 0x65, 0x28, 0x75, 0x5f, 0x74, 0x65, 0x78, 0x74, 0x75, 0x72, 0x65, 0x2c, 0x20,
  0x76, 0x5f, 0x75, 0x76, 0x29, 0x2e, 0x72, 0x3b, 0x20, 0x7d, 0x0a, 0x20, 0x20, 0x65, 0x6c, 0x73,
  0x65, 0x20, 0x69, 0x66, 0x20, 0x28, 0x6d, 0x6f, 0x64, 0x65, 0x20, 0x3d, 0x3d, 0x20, 0x35, 0x29,
  0x20, 0x7b, 0x20, 0x63, 0x20, 0x2a, 0x3d, 0x20, 0x74, 0x65, 0x78, 0x74, 0x75, 0x72, 0x65, 0x28,
  0x75, 0x5f, 0x74, 0x65, 0x78, 0x74, 0x75, 0x72, 0x65, 0x2c, 0x20, 0x76, 0x5f, 0x75, 0x76, 0x29,
  0x3b, 0x20, 0x7d, 0x0a, 0x20, 0x20, 0x69, 0x66, 0x20, 0x28, 0x63, 0x2e, 0x61, 0x20, 0x3c, 0x3d,
  0x20, 0x30, 0x2e, 0x30, 0x29, 0x20, 0x64, 0x69, 0x73, 0x63, 0x61, 0x72, 0x64, 0x3b, 0x0a, 0x20,
  0x20, 0x6f, 0x5f, 0x63, 0x6f, 0x6c, 0x6f, 0x72, 0x20, 0x3d, 0x20, 0x63, 0x3b, 0x0a, 0x7d, 0x0a,
  0x23, 0x65, 0x6e, 0x64, 0x69, 0x66, 0x0a, 0x00,
};
static const char re_ui_vertex_glsl_es[] = {
  0x23, 0x76, 0x65, 0x72, 0x73, 0x69, 0x6f, 0x6e, 0x20, 0x33, 0x32, 0x30, 0x20, 0x65, 0x73, 0x0a,
  0x70, 0x72, 0x65, 0x63, 0x69, 0x73, 0x69, 0x6f, 0x6e, 0x20, 0x68, 0x69, 0x67, 0x68, 0x70, 0x20,
  0x66, 0x6c, 0x6f, 0x61, 0x74, 0x3b, 0x0a, 0x70, 0x72, 0x65, 0x63, 0x69, 0x73, 0x69, 0x6f, 0x6e,
  0x20, 0x68, 0x69, 0x67, 0x68, 0x70, 0x20, 0x69, 0x6e, 0x74, 0x3b, 0x0a, 0x23, 0x64, 0x65, 0x66,
  0x69, 0x6e, 0x65, 0x20, 0x49, 0x4e, 0x28, 0x6c, 0x6f, 0x63, 0x29, 0x20, 0x6c, 0x61, 0x79, 0x6f,
  0x75, 0x74, 0x28, 0x6c, 0x6f, 0x63, 0x61, 0x74, 0x69, 0x6f, 0x6e, 0x20, 0x3d, 0x20, 0x6c, 0x6f,
  0x63, 0x29, 0x20, 0x69, 0x6e, 0x0a, 0x23, 0x64, 0x65, 0x66, 0x69, 0x6e, 0x65, 0x20, 0x4f, 0x55,
  0x54, 0x28, 0x6c, 0x6f, 0x63, 0x29, 0x20, 0x6f, 0x75, 0x74, 0x0a, 0x23, 0x64, 0x65, 0x66, 0x69,
  0x6e, 0x65, 0x20, 0x46, 0x4c, 0x41, 0x54, 0x5f, 0x4f, 0x55, 0x54, 0x28, 0x6c, 0x6f, 0x63, 0x29,
  0x20, 0x66, 0x6c, 0x61, 0x74, 0x20, 0x6f, 0x75, 0x74, 0x0a, 0x23, 0x64, 0x65, 0x66, 0x69, 0x6e,
  0x65, 0x20, 0x49, 0x4e, 0x5f, 0x46, 0x28, 0x6c, 0x6f, 0x63, 0x29, 0x20, 0x69, 0x6e, 0x0a, 0x23,
  0x64, 0x65, 0x66, 0x69, 0x6e, 0x65, 0x20, 0x46, 0x4c, 0x41, 0x54, 0x5f, 0x49, 0x4e, 0x28, 0x6c,
  0x6f, 0x63, 0x29, 0x20, 0x66, 0x6c, 0x61, 0x74, 0x20, 0x69, 0x6e, 0x0a, 0x23, 0x64, 0x65, 0x66,
  0x69, 0x6e, 0x65, 0x20, 0x4f, 0x55, 0x54, 0x5f, 0x43, 0x4f, 0x4c, 0x4f, 0x52, 0x20, 0x6f, 0x75,
  0x74, 0x20, 0x76, 0x65, 0x63, 0x34, 0x20, 0x6f, 0x5f, 0x63, 0x6f, 0x6c, 0x6f, 0x72, 0x3b, 0x0a,
  0x23, 0x64, 0x65, 0x66, 0x69, 0x6e, 0x65, 0x20, 0x4e, 0x44, 0x43, 0x5f, 0x59, 0x28, 0x74, 0x29,
  0x20, 0x28, 0x31, 0x2e, 0x30, 0x20, 0x2d, 0x20, 0x28, 0x74, 0x29, 0x20, 0x2a, 0x20, 0x32, 0x2e,
  0x30, 0x29, 0x0a, 0x23, 0x64, 0x65, 0x66, 0x69, 0x6e, 0x65, 0x20, 0x56, 0x45, 0x52, 0x54, 0x45,
  0x58, 0x20, 0x31, 0x0a, 0x2f, 0x2f, 0x20, 0x54, 0x68, 0x65, 0x20, 0x64, 0x72, 0x61, 0x77, 0x20,
  0x6c, 0x69, 0x73, 0x74, 0x27, 0x73, 0x20, 0x6f, 0x6e, 0x65, 0x20, 0x73, 0x68, 0x61, 0x64, 0x65,
  0x72, 0x2c, 0x20, 0x69, 0x6e, 0x20, 0x6f, 0x6e, 0x65, 0x20, 0x73, 0x6f, 0x75, 0x72, 0x63, 0x65,
  0x20, 0x28, 0x73, 0x70, 0x65, 0x63, 0x20, 0x31, 0x32, 0x34, 0x2c, 0x20, 0x46, 0x31, 0x33, 0x33,
  0x29, 0x2e, 0x0a, 0x2f, 0x2f, 0x0a, 0x2f, 0x2f, 0x20, 0x49, 0x74, 0x20, 0x75, 0x73, 0x65, 0x64,
  0x20, 0x74, 0x6f, 0x20, 0x65, 0x78, 0x69, 0x73, 0x74, 0x20, 0x74, 0x68, 0x72, 0x65, 0x65, 0x20,
  0x74, 0x69, 0x6d, 0x65, 0x73, 0x3a, 0x20, 0x69, 0x6e, 0x6c, 0x69, 0x6e, 0x65, 0x20, 0x47, 0x4c,
  0x53, 0x4c, 0x20, 0x69, 0x6e, 0x20, 0x62, 0x61, 0x63, 0x6b, 0x65, 0x6e, 0x64, 0x5f, 0x67, 0x6c,
  0x2e, 0x63, 0x2c, 0x20, 0x74, 0x68, 0x69, 0x73, 0x20, 0x64, 0x69, 0x72, 0x65, 0x63, 0x74, 0x6f,
  0x72, 0x79, 0x27, 0x73, 0x20, 0x75, 0x69, 0x2e, 0x76, 0x65, 0x72, 0x74, 0x2f, 0x75, 0x69, 0x2e,
  0x66, 0x72, 0x61, 0x67, 0x20, 0x66, 0x6f, 0x72, 0x0a, 0x2f, 0x2f, 0x20, 0x74, 0x68, 0x65, 0x20,
  0x56, 0x75, 0x6c, 0x6b, 0x61, 0x6e, 0x20, 0x61, 0x64, 0x61, 0x70, 0x74, 0x65, 0x72, 0x2c, 0x20,
  0x61, 0x6e, 0x64, 0x20, 0x69, 0x6e, 0x6c, 0x69, 0x6e, 0x65, 0x20, 0x4d, 0x53, 0x4c, 0x20, 0x69,
  0x6e, 0x20, 0x62, 0x61, 0x63, 0x6b, 0x65, 0x6e, 0x64, 0x5f, 0x6d, 0x65, 0x74, 0x61, 0x6c, 0x2e,
  0x6d, 0x2e, 0x20, 0x54, 0x68, 0x65, 0x20, 0x73, 0x69, 0x67, 0x6e, 0x65, 0x64, 0x2d, 0x64, 0x69,
  0x73, 0x74, 0x61, 0x6e, 0x63, 0x65, 0x20, 0x6d, 0x61, 0x74, 0x68, 0x73, 0x20, 0x61, 0x67, 0x72,
  0x65, 0x65, 0x64, 0x2c, 0x20, 0x62, 0x65, 0x63, 0x61, 0x75, 0x73, 0x65, 0x0a, 0x2f, 0x2f, 0x20,
  0x73, 0x6f, 0x6d, 0x65, 0x6f, 0x6e, 0x65, 0x20, 0x6b, 0x65, 0x70, 0x74, 0x20, 0x69, 0x74, 0x20,
  0x61, 0x67, 0x72, 0x65, 0x65, 0x69, 0x6e, 0x67, 0x3b, 0x20, 0x74, 0x68, 0x65, 0x20, 0x49, 0x4e,
  0x54, 0x45, 0x52, 0x46, 0x41, 0x43, 0x45, 0x53, 0x20, 0x64, 0x69, 0x64, 0x20, 0x6e, 0x6f, 0x74,
  0x20, 0xe2, 0x80, 0x94, 0x20, 0x74, 0x68, 0x65, 0x20, 0x56, 0x75, 0x6c, 0x6b, 0x61, 0x6e, 0x20,
  0x63, 0x6f, 0x70, 0x79, 0x20, 0x6e, 0x75, 0x6d, 0x62, 0x65, 0x72, 0x65, 0x64, 0x20, 0x69, 0x74,
  0x73, 0x20, 0x61, 0x74, 0x74, 0x72, 0x69, 0x62, 0x75, 0x74, 0x65, 0x73, 0x0a, 0x2f, 0x2f, 0x20,
  0x73, 0x68, 0x61, 0x70, 0x65, 0x2c, 0x20, 0x72, 0x61, 0x64, 0x69, 0x69, 0x2c, 0x20, 0x70, 0x6f,
  0x73, 0x2c, 0x20, 0x75, 0x76, 0x2c, 0x20, 0x65, 0x78, 0x74, 0x72, 0x61, 0x2c, 0x20, 0x63, 0x6f,
  0x6c, 0x6f, 0x72, 0x20, 0x77, 0x68, 0x69, 0x6c, 0x65, 0x20, 0x74, 0x68, 0x65, 0x20, 0x4f, 0x70,
  0x65, 0x6e, 0x47, 0x4c, 0x20, 0x63, 0x6f, 0x70, 0x79, 0x20, 0x6e, 0x75, 0x6d, 0x62, 0x65, 0x72,
  0x65, 0x64, 0x20, 0x74, 0x68, 0x65, 0x6d, 0x20, 0x70, 0x6f, 0x73, 0x2c, 0x20, 0x75, 0x76, 0x2c,
  0x20, 0x63, 0x6f, 0x6c, 0x6f, 0x72, 0x2c, 0x20, 0x73, 0x68, 0x61, 0x70, 0x65, 0x2c, 0x0a, 0x2f,
  0x2f, 0x20, 0x72, 0x61, 0x64, 0x69, 0x69, 0x2c, 0x20, 0x65, 0x78, 0x74, 0x72, 0x61, 0x2c, 0x20,
  0x61, 0x6e, 0x64, 0x20, 0x74, 0x68, 0x65, 0x20, 0x74, 0x77, 0x6f, 0x20, 0x65, 0x6d, 0x69, 0x74,
  0x74, 0x65, 0x64, 0x20, 0x6f, 0x70, 0x70, 0x6f, 0x73, 0x69, 0x74, 0x65, 0x20, 0x59, 0x2e, 0x20,
  0x54, 0x68, 0x72, 0x65, 0x65, 0x20, 0x64, 0x69, 0x61, 0x6c, 0x65, 0x63, 0x74, 0x73, 0x20, 0x6f,
  0x66, 0x20, 0x6f, 0x6e, 0x65, 0x20, 0x73, 0x68, 0x61, 0x64, 0x65, 0x72, 0x20, 0x69, 0x73, 0x20,
  0x61, 0x20, 0x64, 0x72, 0x69, 0x66, 0x74, 0x20, 0x72, 0x69, 0x73, 0x6b, 0x3b, 0x20, 0x74, 0x68,
  0x72, 0x65, 0x65, 0x0a, 0x2f, 0x2f, 0x20, 0x64, 0x69, 0x61, 0x6c, 0x65, 0x63, 0x74, 0x73, 0x20,
  0x74, 0x68, 0x61, 0x74, 0x20, 0x61, 0x6c, 0x72, 0x65, 0x61, 0x64, 0x79, 0x20, 0x64, 0x69, 0x73,
  0x61, 0x67, 0x72, 0x65, 0x65, 0x64, 0x20, 0x61, 0x62, 0x6f, 0x75, 0x74, 0x20, 0x74, 0x68, 0x65,
  0x69, 0x72, 0x20, 0x6f, 0x77, 0x6e, 0x20, 0x76, 0x65, 0x72, 0x74, 0x65, 0x78, 0x20, 0x6c, 0x61,
  0x79, 0x6f, 0x75, 0x74, 0x20, 0x69, 0x73, 0x20, 0x74, 0x68, 0x65, 0x20, 0x64, 0x72, 0x69, 0x66,
  0x74, 0x2e, 0x0a, 0x2f, 0x2f, 0x0a, 0x2f, 0x2f, 0x20, 0x4f, 0x6e, 0x65, 0x20, 0x6c, 0x61, 0x79,
  0x6f, 0x75, 0x74, 0x20, 0x6e, 0x6f, 0x77, 0x2c, 0x20, 0x61, 0x6e, 0x64, 0x20, 0x6f, 0x6e, 0x65,
  0x20, 0x59, 0x2e, 0x20, 0x54, 0x68, 0x65, 0x20, 0x73, 0x65, 0x61, 0x6d, 0x27, 0x73, 0x20, 0x62,
  0x61, 0x63, 0x6b, 0x65, 0x6e, 0x64, 0x73, 0x20, 0x73, 0x74, 0x6f, 0x72, 0x65, 0x20, 0x4e, 0x44,
  0x43, 0x20, 0x2d, 0x31, 0x20, 0x69, 0x6e, 0x20, 0x72, 0x6f, 0x77, 0x20, 0x30, 0x20, 0x6f, 0x6e,
  0x20, 0x65, 0x76, 0x65, 0x72, 0x79, 0x20, 0x41, 0x50, 0x49, 0x20, 0x28, 0x73, 0x65, 0x65, 0x20,
  0x74, 0x68, 0x65, 0x20, 0x6c, 0x6f, 0x6e, 0x67, 0x0a, 0x2f, 0x2f, 0x20, 0x6e, 0x6f, 0x74, 0x65,
  0x20, 0x69, 0x6e, 0x20, 0x67, 0x70, 0x75, 0x5f, 0x73, 0x65, 0x61, 0x6d, 0x5f, 0x76, 0x6b, 0x2e,
  0x63, 0x29, 0x2c, 0x20, 0x73, 0x6f, 0x20, 0x74, 0x68, 0x65, 0x20, 0x4f, 0x70, 0x65, 0x6e, 0x47,
  0x4c, 0x20, 0x66, 0x6f, 0x72, 0x6d, 0x75, 0x6c, 0x61, 0x20, 0x69, 0x73, 0x20, 0x74, 0x68, 0x65,
  0x20, 0x66, 0x6f, 0x72, 0x6d, 0x75, 0x6c, 0x61, 0x20, 0x65, 0x76, 0x65, 0x72, 0x79, 0x77, 0x68,
  0x65, 0x72, 0x65, 0x3a, 0x20, 0x6c, 0x6f, 0x67, 0x69, 0x63, 0x61, 0x6c, 0x20, 0x79, 0x20, 0x63,
  0x6f, 0x75, 0x6e, 0x74, 0x73, 0x20, 0x64, 0x6f, 0x77, 0x6e, 0x0a, 0x2f, 0x2f, 0x20, 0x66, 0x72,
  0x6f, 0x6d, 0x20, 0x74, 0x68, 0x65, 0x20, 0x74, 0x6f, 0x70, 0x20, 0x6f, 0x66, 0x20, 0x74, 0x68,
  0x65, 0x20, 0x77, 0x69, 0x6e, 0x64, 0x6f, 0x77, 0x2c, 0x20, 0x61, 0x6e, 0x64, 0x20, 0x31, 0x2e,
  0x30, 0x20, 0x2d, 0x20, 0x79, 0x2f, 0x68, 0x2a, 0x32, 0x20, 0x70, 0x75, 0x74, 0x73, 0x20, 0x69,
  0x74, 0x20, 0x77, 0x68, 0x65, 0x72, 0x65, 0x20, 0x65, 0x76, 0x65, 0x72, 0x79, 0x20, 0x62, 0x61,
  0x63, 0x6b, 0x65, 0x6e, 0x64, 0x20, 0x61, 0x67, 0x72, 0x65, 0x65, 0x73, 0x20, 0x69, 0x74, 0x20,
  0x67, 0x6f, 0x65, 0x73, 0x2e, 0x0a, 0x2f, 0x2f, 0x0a, 0x2f, 0x2f, 0x20, 0x4d, 0x6f, 0x64, 0x65,
  0x73, 0x3a, 0x20, 0x30, 0x20, 0x73, 0x6f, 0x6c, 0x69, 0x64, 0x2c, 0x20, 0x31, 0x20, 0x72, 0x6f,
  0x75, 0x6e, 0x64, 0x65, 0x64, 0x20, 0x66, 0x69, 0x6c, 0x6c, 0x2c, 0x20, 0x32, 0x20, 0x72, 0x69,
  0x6e, 0x67, 0x2c, 0x20, 0x33, 0x20, 0x73, 0x68, 0x61, 0x64, 0x6f, 0x77, 0x2c, 0x20, 0x34, 0x20,
  0x63, 0x6f, 0x76, 0x65, 0x72, 0x61, 0x67, 0x65, 0x20, 0x61, 0x74, 0x6c, 0x61, 0x73, 0x2c, 0x20,
  0x35, 0x20, 0x52, 0x47, 0x42, 0x41, 0x20, 0x74, 0x65, 0x78, 0x74, 0x75, 0x72, 0x65, 0x2e, 0x0a,
  0x0a, 0x75, 0x6e, 0x69, 0x66, 0x6f, 0x72, 0x6d, 0x20, 0x76, 0x65, 0x63, 0x34, 0x20, 0x75, 0x5f,
  0x73, 0x69, 0x7a, 0x65, 0x3b, 0x0a, 0x75, 0x6e, 0x69, 0x66, 0x6f, 0x72, 0x6d, 0x20, 0x73, 0x61,
  0x6d, 0x70, 0x6c, 0x65, 0x72, 0x32, 0x44, 0x20, 0x75, 0x5f, 0x74, 0x65, 0x78, 0x74, 0x75, 0x72,
  0x65, 0x3b, 0x0a, 0x0a, 0x23, 0x69, 0x66, 0x64, 0x65, 0x66, 0x20, 0x56, 0x45, 0x52, 0x54, 0x45,
  0x58, 0x0a, 0x49, 0x4e, 0x28, 0x30, 0x29, 0x20, 0x76, 0x65, 0x63, 0x32, 0x20, 0x61, 0x5f, 0x70,
  0x6f, 0x73, 0x3b, 0x0a, 0x49, 0x4e, 0x28, 0x31, 0x29, 0x20, 0x76, 0x65, 0x63, 0x32, 0x20, 0x61,
  0x5f, 0x75, 0x76, 0x3b, 0x0a, 0x49, 0x4e, 0x28, 0x32, 0x29, 0x20, 0x76, 0x65, 0x63, 0x34, 0x20,
  0x61, 0x5f, 0x63, 0x6f, 0x6c, 0x6f, 0x72, 0x3b, 0x0a, 0x49, 0x4e, 0x28, 0x33, 0x29, 0x20, 0x76,
  0x65, 0x63, 0x34, 0x20, 0x61, 0x5f, 0x73, 0x68, 0x61, 0x70, 0x65, 0x3b, 0x0a, 0x49, 0x4e, 0x28,
  0x34, 0x29, 0x20, 0x76, 0x65, 0x63, 0x34, 0x20, 0x61, 0x5f, 0x72, 0x61, 0x64, 0x69, 0x69, 0x3b,
  0x0a, 0x49, 0x4e, 0x28, 0x35, 0x29, 0x20, 0x76, 0x65, 0x63, 0x32, 0x20, 0x61, 0x5f, 0x65, 0x78,
  0x74, 0x72, 0x61, 0x3b, 0x0a, 0x4f, 0x55, 0x54, 0x28, 0x30, 0x29, 0x20, 0x76, 0x65, 0x63, 0x32,
  0x20, 0x76, 0x5f, 0x70, 0x6f, 0x73, 0x3b, 0x0a, 0x4f, 0x55, 0x54, 0x28, 0x31, 0x29, 0x20, 0x76,
  0x65, 0x63, 0x32, 0x20, 0x76, 0x5f, 0x75, 0x76, 0x3b, 0x0a, 0x4f, 0x55, 0x54, 0x28, 0x32, 0x29,
  0x20, 0x76, 0x65, 0x63, 0x34, 0x20, 0x76, 0x5f, 0x63, 0x6f, 0x6c, 0x6f, 0x72, 0x3b, 0x0a, 0x46,
  0x4c, 0x41, 0x54, 0x5f, 0x4f, 0x55, 0x54, 0x28, 0x33, 0x29, 0x20, 0x76, 0x65, 0x63, 0x34, 0x20,
  0x76, 0x5f, 0x73, 0x68, 0x61, 0x70, 0x65, 0x3b, 0x0a, 0x46, 0x4c, 0x41, 0x54, 0x5f, 0x4f, 0x55,
  0x54, 0x28, 0x34, 0x29, 0x20, 0x76, 0x65, 0x63, 0x34, 0x20, 0x76, 0x5f, 0x72, 0x61, 0x64, 0x69,
  0x69, 0x3b, 0x0a, 0x46, 0x4c, 0x41, 0x54, 0x5f, 0x4f, 0x55, 0x54, 0x28, 0x35, 0x29, 0x20, 0x76,
  0x65, 0x63, 0x32, 0x20, 0x76, 0x5f, 0x65, 0x78, 0x74, 0x72, 0x61, 0x3b, 0x0a, 0x76, 0x6f, 0x69,
  0x64, 0x20, 0x6d, 0x61, 0x69, 0x6e, 0x28, 0x29, 0x20, 0x7b, 0x0a, 0x20, 0x20, 0x76, 0x5f, 0x70,
  0x6f, 0x73, 0x20, 0x3d, 0x20, 0x61, 0x5f, 0x70, 0x6f, 0x73, 0x3b, 0x20, 0x76, 0x5f, 0x75, 0x76,
  0x20, 0x3d, 0x20, 0x61, 0x5f, 0x75, 0x76, 0x3b, 0x20, 0x76, 0x5f, 0x63, 0x6f, 0x6c, 0x6f, 0x72,
  0x20, 0x3d, 0x20, 0x61, 0x5f, 0x63, 0x6f, 0x6c, 0x6f, 0x72, 0x3b, 0x0a, 0x20, 0x20, 0x76, 0x5f,
  0x73, 0x68, 0x61, 0x70, 0x65, 0x20, 0x3d, 0x20, 0x61, 0x5f, 0x73, 0x68, 0x61, 0x70, 0x65, 0x3b,
  0x20, 0x76, 0x5f, 0x72, 0x61, 0x64, 0x69, 0x69, 0x20, 0x3d, 0x20, 0x61, 0x5f, 0x72, 0x61, 0x64,
  0x69, 0x69, 0x3b, 0x20, 0x76, 0x5f, 0x65, 0x78, 0x74, 0x72, 0x61, 0x20, 0x3d, 0x20, 0x61, 0x5f,
  0x65, 0x78, 0x74, 0x72, 0x61, 0x3b, 0x0a, 0x20, 0x20, 0x67, 0x6c, 0x5f, 0x50, 0x6f, 0x73, 0x69,
  0x74, 0x69, 0x6f, 0x6e, 0x20, 0x3d, 0x20, 0x76, 0x65, 0x63, 0x34, 0x28, 0x61, 0x5f, 0x70, 0x6f,
  0x73, 0x2e, 0x78, 0x20, 0x2f, 0x20, 0x75, 0x5f, 0x73, 0x69, 0x7a, 0x65, 0x2e, 0x78, 0x20, 0x2a,
  0x20, 0x32, 0x2e, 0x30, 0x20, 0x2d, 0x20, 0x31, 0x2e, 0x30, 0x2c, 0x20, 0x4e, 0x44, 0x43, 0x5f,
  0x59, 0x28, 0x61, 0x5f, 0x70, 0x6f, 0x73, 0x2e, 0x79, 0x20, 0x2f, 0x20, 0x75, 0x5f, 0x73, 0x69,
  0x7a, 0x65, 0x2e, 0x79, 0x29, 0x2c, 0x20, 0x30, 0x2e, 0x30, 0x2c, 0x20, 0x31, 0x2e, 0x30, 0x29,
  0x3b, 0x0a, 0x7d, 0x0a, 0x23, 0x65, 0x6c, 0x73, 0x65, 0x0a, 0x49, 0x4e, 0x5f, 0x46, 0x28, 0x30,
  0x29, 0x20, 0x76, 0x65, 0x63, 0x32, 0x20, 0x76, 0x5f, 0x70, 0x6f, 0x73, 0x3b, 0x0a, 0x49, 0x4e,
  0x5f, 0x46, 0x28, 0x31, 0x29, 0x20, 0x76, 0x65, 0x63, 0x32, 0x20, 0x76, 0x5f, 0x75, 0x76, 0x3b,
  0x0a, 0x49, 0x4e, 0x5f, 0x46, 0x28, 0x32, 0x29, 0x20, 0x76, 0x65, 0x63, 0x34, 0x20, 0x76, 0x5f,
  0x63, 0x6f, 0x6c, 0x6f, 0x72, 0x3b, 0x0a, 0x46, 0x4c, 0x41, 0x54, 0x5f, 0x49, 0x4e, 0x28, 0x33,
  0x29, 0x20, 0x76, 0x65, 0x63, 0x34, 0x20, 0x76, 0x5f, 0x73, 0x68, 0x61, 0x70, 0x65, 0x3b, 0x0a,
  0x46, 0x4c, 0x41, 0x54, 0x5f, 0x49, 0x4e, 0x28, 0x34, 0x29, 0x20, 0x76, 0x65, 0x63, 0x34, 0x20,
  0x76, 0x5f, 0x72, 0x61, 0x64, 0x69, 0x69, 0x3b, 0x0a, 0x46, 0x4c, 0x41, 0x54, 0x5f, 0x49, 0x4e,
  0x28, 0x35, 0x29, 0x20, 0x76, 0x65, 0x63, 0x32, 0x20, 0x76, 0x5f, 0x65, 0x78, 0x74, 0x72, 0x61,
  0x3b, 0x0a, 0x4f, 0x55, 0x54, 0x5f, 0x43, 0x4f, 0x4c, 0x4f, 0x52, 0x0a, 0x66, 0x6c, 0x6f, 0x61,
  0x74, 0x20, 0x62, 0x6f, 0x78, 0x28, 0x76, 0x65, 0x63, 0x32, 0x20, 0x70, 0x2c, 0x20, 0x76, 0x65,
  0x63, 0x32, 0x20, 0x68, 0x2c, 0x20, 0x66, 0x6c, 0x6f, 0x61, 0x74, 0x20, 0x72, 0x29, 0x20, 0x7b,
  0x20, 0x76, 0x65, 0x63, 0x32, 0x20, 0x71, 0x20, 0x3d, 0x20, 0x61, 0x62, 0x73, 0x28, 0x70, 0x29,
  0x20, 0x2d, 0x20, 0x28, 0x68, 0x20, 0x2d, 0x20, 0x76, 0x65, 0x63, 0x32, 0x28, 0x72, 0x29, 0x29,
  0x3b, 0x20, 0x72, 0x65, 0x74, 0x75, 0x72, 0x6e, 0x20, 0x6c, 0x65, 0x6e, 0x67, 0x74, 0x68, 0x28,
  0x6d, 0x61, 0x78, 0x28, 0x71, 0x2c, 0x20, 0x30, 0x2e, 0x30, 0x29, 0x29, 0x20, 0x2b, 0x20, 0x6d,
  0x69, 0x6e, 0x28, 0x6d, 0x61, 0x78, 0x28, 0x71, 0x2e, 0x78, 0x2c, 0x20, 0x71, 0x2e, 0x79, 0x29,
  0x2c, 0x20, 0x30, 0x2e, 0x30, 0x29, 0x20, 0x2d, 0x20, 0x72, 0x3b, 0x20, 0x7d, 0x0a, 0x66, 0x6c,
  0x6f, 0x61, 0x74, 0x20, 0x63, 0x6f, 0x72, 0x6e, 0x65, 0x72, 0x28, 0x76, 0x65, 0x63, 0x32, 0x20,
  0x70, 0x29, 0x20, 0x7b, 0x20, 0x72, 0x65, 0x74, 0x75, 0x72, 0x6e, 0x20, 0x70, 0x2e, 0x78, 0x20,
  0x3c, 0x20, 0x30, 0x2e, 0x30, 0x20, 0x3f, 0x20, 0x28, 0x70, 0x2e, 0x79, 0x20, 0x3c, 0x20, 0x30,
  0x2e, 0x30, 0x20, 0x3f, 0x20, 0x76, 0x5f, 0x72, 0x61, 0x64, 0x69, 0x69, 0x2e, 0x78, 0x20, 0x3a,
  0x20, 0x76, 0x5f, 0x72, 0x61, 0x64, 0x69, 0x69, 0x2e, 0x77, 0x29, 0x20, 0x3a, 0x20, 0x28, 0x70,
  0x2e, 0x79, 0x20, 0x3c, 0x20, 0x30, 0x2e, 0x30, 0x20, 0x3f, 0x20, 0x76, 0x5f, 0x72, 0x61, 0x64,
  0x69, 0x69, 0x2e, 0x79, 0x20, 0x3a, 0x20, 0x76, 0x5f, 0x72, 0x61, 0x64, 0x69, 0x69, 0x2e, 0x7a,
  0x29, 0x3b, 0x20, 0x7d, 0x0a, 0x76, 0x6f, 0x69, 0x64, 0x20, 0x6d, 0x61, 0x69, 0x6e, 0x28, 0x29,
  0x20, 0x7b, 0x0a, 0x20, 0x20, 0x69, 0x6e, 0x74, 0x20, 0x6d, 0x6f, 0x64, 0x65, 0x20, 0x3d, 0x20,
  0x69, 0x6e, 0x74, 0x28, 0x76, 0x5f, 0x65, 0x78, 0x74, 0x72, 0x61, 0x2e, 0x79, 0x20, 0x2b, 0x20,
  0x30, 0x2e, 0x35, 0x29, 0x3b, 0x20, 0x76, 0x65, 0x63, 0x34, 0x20, 0x63, 0x20, 0x3d, 0x20, 0x76,
  0x5f, 0x63, 0x6f, 0x6c, 0x6f, 0x72, 0x3b, 0x20, 0x76, 0x65, 0x63, 0x32, 0x20, 0x70, 0x20, 0x3d,
  0x20, 0x76, 0x5f, 0x70, 0x6f, 0x73, 0x20, 0x2d, 0x20, 0x76, 0x5f, 0x73, 0x68, 0x61, 0x70, 0x65,
  0x2e, 0x78, 0x79, 0x3b, 0x20, 0x76, 0x65, 0x63, 0x32, 0x20, 0x68, 0x20, 0x3d, 0x20, 0x76, 0x5f,
  0x73, 0x68, 0x61, 0x70, 0x65, 0x2e, 0x7a, 0x77, 0x3b, 0x20, 0x66, 0x6c, 0x6f, 0x61, 0x74, 0x20,
  0x77, 0x20, 0x3d, 0x20, 0x76, 0x5f, 0x65, 0x78, 0x74, 0x72, 0x61, 0x2e, 0x78, 0x3b, 0x0a, 0x20,
  0x20, 0x69, 0x66, 0x20, 0x28, 0x6d, 0x6f, 0x64, 0x65, 0x20, 0x3d, 0x3d, 0x20, 0x31, 0x29, 0x20,
  0x7b, 0x20, 0x63, 0x2e, 0x61, 0x20, 0x2a, 0x3d, 0x20, 0x63, 0x6c, 0x61, 0x6d, 0x70, 0x28, 0x30,
  0x2e, 0x35, 0x20, 0x2d, 0x20, 0x62, 0x6f, 0x78, 0x28, 0x70, 0x2c, 0x20, 0x68, 0x2c, 0x20, 0x63,
  0x6f, 0x72, 0x6e, 0x65, 0x72, 0x28, 0x70, 0x29, 0x29, 0x2c, 0x20, 0x30, 0x2e, 0x30, 0x2c, 0x20,
  0x31, 0x2e, 0x30, 0x29, 0x3b, 0x20, 0x7d, 0x0a, 0x20, 0x20, 0x65, 0x6c, 0x73, 0x65, 0x20, 0x69,
  0x66, 0x20, 0x28, 0x6d, 0x6f, 0x64, 0x65, 0x20, 0x3d, 0x3d, 0x20, 0x32, 0x29, 0x20, 0x7b, 0x20,
  0x66, 0x6c, 0x6f, 0x61, 0x74, 0x20, 0x72, 0x20, 0x3d, 0x20, 0x63, 0x6f, 0x72, 0x6e, 0x65, 0x72,
  0x28, 0x70, 0x29, 0x3b, 0x20, 0x66, 0x6c, 0x6f, 0x61, 0x74, 0x20, 0x6f, 0x20, 0x3d, 0x20, 0x63,
  0x6c, 0x61, 0x6d, 0x70, 0x28, 0x30, 0x2e, 0x35, 0x20, 0x2d, 0x20, 0x62, 0x6f, 0x78, 0x28, 0x70,
  0x2c, 0x20, 0x68, 0x2c, 0x20, 0x72, 0x29, 0x2c, 0x20, 0x30, 0x2e, 0x30, 0x2c, 0x20, 0x31, 0x2e,
  0x30, 0x29, 0x3b, 0x0a, 0x20, 0x20, 0x20, 0x20, 0x66, 0x6c, 0x6f, 0x61, 0x74, 0x20, 0x69, 0x20,
  0x3d, 0x20, 0x63, 0x6c, 0x61, 0x6d, 0x70, 0x28, 0x30, 0x2e, 0x35, 0x20, 0x2d, 0x20, 0x62, 0x6f,
  0x78, 0x28, 0x70, 0x2c, 0x20, 0x68, 0x20, 0x2d, 0x20, 0x76, 0x65, 0x63, 0x32, 0x28, 0x77, 0x29,
  0x2c, 0x20, 0x6d, 0x61, 0x78, 0x28, 0x72, 0x20, 0x2d, 0x20, 0x77, 0x2c, 0x20, 0x30, 0x2e, 0x30,
  0x29, 0x29, 0x2c, 0x20, 0x30, 0x2e, 0x30, 0x2c, 0x20, 0x31, 0x2e, 0x30, 0x29, 0x3b, 0x20, 0x63,
  0x2e, 0x61, 0x20, 0x2a, 0x3d, 0x20, 0x6f, 0x20, 0x2a, 0x20, 0x28, 0x31, 0x2e, 0x30, 0x20, 0x2d,
  0x20, 0x69, 0x29, 0x3b, 0x20, 0x7d, 0x0a, 0x20, 0x20, 0x65, 0x6c, 0x73, 0x65, 0x20, 0x69, 0x66,
  0x20, 0x28, 0x6d, 0x6f, 0x64, 0x65, 0x20, 0x3d, 0x3d, 0x20, 0x33, 0x29, 0x20, 0x7b, 0x20, 0x63,
  0x2e, 0x61, 0x20, 0x2a, 0x3d, 0x20, 0x31, 0x2e, 0x30, 0x20, 0x2d, 0x20, 0x73, 0x6d, 0x6f, 0x6f,
  0x74, 0x68, 0x73, 0x74, 0x65, 0x70, 0x28, 0x30, 0x2e, 0x30, 0x2c, 0x20, 0x77, 0x2c, 0x20, 0x62,
  0x6f, 0x78, 0x28, 0x70, 0x2c, 0x20, 0x68, 0x2c, 0x20, 0x63, 0x6f, 0x72, 0x6e, 0x65, 0x72, 0x28,
  0x70, 0x29, 0x29, 0x29, 0x3b, 0x20, 0x7d, 0x0a, 0x20, 0x20, 0x65, 0x6c, 0x73, 0x65, 0x20, 0x69,
  0x66, 0x20, 0x28, 0x6d, 0x6f, 0x64, 0x65, 0x20, 0x3d, 0x3d, 0x20, 0x34, 0x29, 0x20, 0x7b, 0x20,
  0x63, 0x2e, 0x61, 0x20, 0x2a, 0x3d, 0x20, 0x74, 0x65, 0x78, 0x74, 0x75, 0x72, 0x65, 0x28, 0x75,
  0x5f, 0x74, 0x65, 0x78, 0x74, 0x75, 0x72, 0x65, 0x2c, 0x20, 0x76, 0x5f, 0x75, 0x76, 0x29, 0x2e,
  0x72, 0x3b, 0x20, 0x7d, 0x0a, 0x20, 0x20, 0x65, 0x6c, 0x73, 0x65, 0x20, 0x69, 0x66, 0x20, 0x28,
  0x6d, 0x6f, 0x64, 0x65, 0x20, 0x3d, 0x3d, 0x20, 0x35, 0x29, 0x20, 0x7b, 0x20, 0x63, 0x20, 0x2a,
  0x3d, 0x20, 0x74, 0x65, 0x78, 0x74, 0x75, 0x72, 0x65, 0x28, 0x75, 0x5f, 0x74, 0x65, 0x78, 0x74,
  0x75, 0x72, 0x65, 0x2c, 0x20, 0x76, 0x5f, 0x75, 0x76, 0x29, 0x3b, 0x20, 0x7d, 0x0a, 0x20, 0x20,
  0x69, 0x66, 0x20, 0x28, 0x63, 0x2e, 0x61, 0x20, 0x3c, 0x3d, 0x20, 0x30, 0x2e, 0x30, 0x29, 0x20,
  0x64, 0x69, 0x73, 0x63, 0x61, 0x72, 0x64, 0x3b, 0x0a, 0x20, 0x20, 0x6f, 0x5f, 0x63, 0x6f, 0x6c,
  0x6f, 0x72, 0x20, 0x3d, 0x20, 0x63, 0x3b, 0x0a, 0x7d, 0x0a, 0x23, 0x65, 0x6e, 0x64, 0x69, 0x66,
  0x0a, 0x00,
};
static const char re_ui_vertex_msl[] = {
  0x23, 0x69, 0x6e, 0x63, 0x6c, 0x75, 0x64, 0x65, 0x20, 0x3c, 0x6d, 0x65, 0x74, 0x61, 0x6c, 0x5f,
  0x73, 0x74, 0x64, 0x6c, 0x69, 0x62, 0x3e, 0x0a, 0x23, 0x69, 0x6e, 0x63, 0x6c, 0x75, 0x64, 0x65,
  0x20, 0x3c, 0x73, 0x69, 0x6d, 0x64, 0x2f, 0x73, 0x69, 0x6d, 0x64, 0x2e, 0x68, 0x3e, 0x0a, 0x0a,
  0x75, 0x73, 0x69, 0x6e, 0x67, 0x20, 0x6e, 0x61, 0x6d, 0x65, 0x73, 0x70, 0x61, 0x63, 0x65, 0x20,
  0x6d, 0x65, 0x74, 0x61, 0x6c, 0x3b, 0x0a, 0x0a, 0x73, 0x74, 0x72, 0x75, 0x63, 0x74, 0x20, 0x55,
  0x6e, 0x69, 0x66, 0x6f, 0x72, 0x6d, 0x73, 0x0a, 0x7b, 0x0a, 0x20, 0x20, 0x20, 0x20, 0x66, 0x6c,
  0x6f, 0x61, 0x74, 0x34, 0x20, 0x75, 0x5f, 0x73, 0x69, 0x7a, 0x65, 0x3b, 0x0a, 0x7d, 0x3b, 0x0a,
  0x0a, 0x73, 0x74, 0x72, 0x75, 0x63, 0x74, 0x20, 0x6d, 0x61, 0x69, 0x6e, 0x30, 0x5f, 0x6f, 0x75,
  0x74, 0x0a, 0x7b, 0x0a, 0x20, 0x20, 0x20, 0x20, 0x66, 0x6c, 0x6f, 0x61, 0x74, 0x32, 0x20, 0x76,
  0x5f, 0x70, 0x6f, 0x73, 0x20, 0x5b, 0x5b, 0x75, 0x73, 0x65, 0x72, 0x28, 0x6c, 0x6f, 0x63, 0x6e,
  0x30, 0x29, 0x5d, 0x5d, 0x3b, 0x0a, 0x20, 0x20, 0x20, 0x20, 0x66, 0x6c, 0x6f, 0x61, 0x74, 0x32,
  0x20, 0x76, 0x5f, 0x75, 0x76, 0x20, 0x5b, 0x5b, 0x75, 0x73, 0x65, 0x72, 0x28, 0x6c, 0x6f, 0x63,
  0x6e, 0x31, 0x29, 0x5d, 0x5d, 0x3b, 0x0a, 0x20, 0x20, 0x20, 0x20, 0x66, 0x6c, 0x6f, 0x61, 0x74,
  0x34, 0x20, 0x76, 0x5f, 0x63, 0x6f, 0x6c, 0x6f, 0x72, 0x20, 0x5b, 0x5b, 0x75, 0x73, 0x65, 0x72,
  0x28, 0x6c, 0x6f, 0x63, 0x6e, 0x32, 0x29, 0x5d, 0x5d, 0x3b, 0x0a, 0x20, 0x20, 0x20, 0x20, 0x66,
  0x6c, 0x6f, 0x61, 0x74, 0x34, 0x20, 0x76, 0x5f, 0x73, 0x68, 0x61, 0x70, 0x65, 0x20, 0x5b, 0x5b,
  0x75, 0x73, 0x65, 0x72, 0x28, 0x6c, 0x6f, 0x63, 0x6e, 0x33, 0x29, 0x5d, 0x5d, 0x3b, 0x0a, 0x20,
  0x20, 0x20, 0x20, 0x66, 0x6c, 0x6f, 0x61, 0x74, 0x34, 0x20, 0x76, 0x5f, 0x72, 0x61, 0x64, 0x69,
  0x69, 0x20, 0x5b, 0x5b, 0x75, 0x73, 0x65, 0x72, 0x28, 0x6c, 0x6f, 0x63, 0x6e, 0x34, 0x29, 0x5d,
  0x5d, 0x3b, 0x0a, 0x20, 0x20, 0x20, 0x20, 0x66, 0x6c, 0x6f, 0x61, 0x74, 0x32, 0x20, 0x76, 0x5f,
  0x65, 0x78, 0x74, 0x72, 0x61, 0x20, 0x5b, 0x5b, 0x75, 0x73, 0x65, 0x72, 0x28, 0x6c, 0x6f, 0x63,
  0x6e, 0x35, 0x29, 0x5d, 0x5d, 0x3b, 0x0a, 0x20, 0x20, 0x20, 0x20, 0x66, 0x6c, 0x6f, 0x61, 0x74,
  0x34, 0x20, 0x67, 0x6c, 0x5f, 0x50, 0x6f, 0x73, 0x69, 0x74, 0x69, 0x6f, 0x6e, 0x20, 0x5b, 0x5b,
  0x70, 0x6f, 0x73, 0x69, 0x74, 0x69, 0x6f, 0x6e, 0x5d, 0x5d, 0x3b, 0x0a, 0x7d, 0x3b, 0x0a, 0x0a,
  0x73, 0x74, 0x72, 0x75, 0x63, 0x74, 0x20, 0x6d, 0x61, 0x69, 0x6e, 0x30, 0x5f, 0x69, 0x6e, 0x0a,
  0x7b, 0x0a, 0x20, 0x20, 0x20, 0x20, 0x66, 0x6c, 0x6f, 0x61, 0x74, 0x32, 0x20, 0x61, 0x5f, 0x70,
  0x6f, 0x73, 0x20, 0x5b, 0x5b, 0x61, 0x74, 0x74, 0x72, 0x69, 0x62, 0x75, 0x74, 0x65, 0x28, 0x30,
  0x29, 0x5d, 0x5d, 0x3b, 0x0a, 0x20, 0x20, 0x20, 0x20, 0x66, 0x6c, 0x6f, 0x61, 0x74, 0x32, 0x20,
  0x61, 0x5f, 0x75, 0x76, 0x20, 0x5b, 0x5b, 0x61, 0x74, 0x74, 0x72, 0x69, 0x62, 0x75, 0x74, 0x65,
  0x28, 0x31, 0x29, 0x5d, 0x5d, 0x3b, 0x0a, 0x20, 0x20, 0x20, 0x20, 0x66, 0x6c, 0x6f, 0x61, 0x74,
  0x34, 0x20, 0x61, 0x5f, 0x63, 0x6f, 0x6c, 0x6f, 0x72, 0x20, 0x5b, 0x5b, 0x61, 0x74, 0x74, 0x72,
  0x69, 0x62, 0x75, 0x74, 0x65, 0x28, 0x32, 0x29, 0x5d, 0x5d, 0x3b, 0x0a, 0x20, 0x20, 0x20, 0x20,
  0x66, 0x6c, 0x6f, 0x61, 0x74, 0x34, 0x20, 0x61, 0x5f, 0x73, 0x68, 0x61, 0x70, 0x65, 0x20, 0x5b,
  0x5b, 0x61, 0x74, 0x74, 0x72, 0x69, 0x62, 0x75, 0x74, 0x65, 0x28, 0x33, 0x29, 0x5d, 0x5d, 0x3b,
  0x0a, 0x20, 0x20, 0x20, 0x20, 0x66, 0x6c, 0x6f, 0x61, 0x74, 0x34, 0x20, 0x61, 0x5f, 0x72, 0x61,
  0x64, 0x69, 0x69, 0x20, 0x5b, 0x5b, 0x61, 0x74, 0x74, 0x72, 0x69, 0x62, 0x75, 0x74, 0x65, 0x28,
  0x34, 0x29, 0x5d, 0x5d, 0x3b, 0x0a, 0x20, 0x20, 0x20, 0x20, 0x66, 0x6c, 0x6f, 0x61, 0x74, 0x32,
  0x20, 0x61, 0x5f, 0x65, 0x78, 0x74, 0x72, 0x61, 0x20, 0x5b, 0x5b, 0x61, 0x74, 0x74, 0x72, 0x69,
  0x62, 0x75, 0x74, 0x65, 0x28, 0x35, 0x29, 0x5d, 0x5d, 0x3b, 0x0a, 0x7d, 0x3b, 0x0a, 0x0a, 0x76,
  0x65, 0x72, 0x74, 0x65, 0x78, 0x20, 0x6d, 0x61, 0x69, 0x6e, 0x30, 0x5f, 0x6f, 0x75, 0x74, 0x20,
  0x6d, 0x61, 0x69, 0x6e, 0x30, 0x28, 0x6d, 0x61, 0x69, 0x6e, 0x30, 0x5f, 0x69, 0x6e, 0x20, 0x69,
  0x6e, 0x20, 0x5b, 0x5b, 0x73, 0x74, 0x61, 0x67, 0x65, 0x5f, 0x69, 0x6e, 0x5d, 0x5d, 0x2c, 0x20,
  0x63, 0x6f, 0x6e, 0x73, 0x74, 0x61, 0x6e, 0x74, 0x20, 0x55, 0x6e, 0x69, 0x66, 0x6f, 0x72, 0x6d,
  0x73, 0x26, 0x20, 0x5f, 0x34, 0x35, 0x20, 0x5b, 0x5b, 0x62, 0x75, 0x66, 0x66, 0x65, 0x72, 0x28,
  0x30, 0x29, 0x5d, 0x5d, 0x29, 0x0a, 0x7b, 0x0a, 0x20, 0x20, 0x20, 0x20, 0x6d, 0x61, 0x69, 0x6e,
  0x30, 0x5f, 0x6f, 0x75, 0x74, 0x20, 0x6f, 0x75, 0x74, 0x20, 0x3d, 0x20, 0x7b, 0x7d, 0x3b, 0x0a,
  0x20, 0x20, 0x20, 0x20, 0x6f, 0x75, 0x74, 0x2e, 0x76, 0x5f, 0x70, 0x6f, 0x73, 0x20, 0x3d, 0x20,
  0x69, 0x6e, 0x2e, 0x61, 0x5f, 0x70, 0x6f, 0x73, 0x3b, 0x0a, 0x20, 0x20, 0x20, 0x20, 0x6f, 0x75,
  0x74, 0x2e, 0x76, 0x5f, 0x75, 0x76, 0x20, 0x3d, 0x20, 0x69, 0x6e, 0x2e, 0x61, 0x5f, 0x75, 0x76,
  0x3b, 0x0a, 0x20, 0x20, 0x20, 0x20, 0x6f, 0x75, 0x74, 0x2e, 0x76, 0x5f, 0x63, 0x6f, 0x6c, 0x6f,
  0x72, 0x20, 0x3d, 0x20, 0x69, 0x6e, 0x2e, 0x61, 0x5f, 0x63, 0x6f, 0x6c, 0x6f, 0x72, 0x3b, 0x0a,
  0x20, 0x20, 0x20, 0x20, 0x6f, 0x75, 0x74, 0x2e, 0x76, 0x5f, 0x73, 0x68, 0x61, 0x70, 0x65, 0x20,
  0x3d, 0x20, 0x69, 0x6e, 0x2e, 0x61, 0x5f, 0x73, 0x68, 0x61, 0x70, 0x65, 0x3b, 0x0a, 0x20, 0x20,
  0x20, 0x20, 0x6f, 0x75, 0x74, 0x2e, 0x76, 0x5f, 0x72, 0x61, 0x64, 0x69, 0x69, 0x20, 0x3d, 0x20,
  0x69, 0x6e, 0x2e, 0x61, 0x5f, 0x72, 0x61, 0x64, 0x69, 0x69, 0x3b, 0x0a, 0x20, 0x20, 0x20, 0x20,
  0x6f, 0x75, 0x74, 0x2e, 0x76, 0x5f, 0x65, 0x78, 0x74, 0x72, 0x61, 0x20, 0x3d, 0x20, 0x69, 0x6e,
  0x2e, 0x61, 0x5f, 0x65, 0x78, 0x74, 0x72, 0x61, 0x3b, 0x0a, 0x20, 0x20, 0x20, 0x20, 0x6f, 0x75,
  0x74, 0x2e, 0x67, 0x6c, 0x5f, 0x50, 0x6f, 0x73, 0x69, 0x74, 0x69, 0x6f, 0x6e, 0x20, 0x3d, 0x20,
  0x66, 0x6c, 0x6f, 0x61, 0x74, 0x34, 0x28, 0x28, 0x28, 0x69, 0x6e, 0x2e, 0x61, 0x5f, 0x70, 0x6f,
  0x73, 0x2e, 0x78, 0x20, 0x2f, 0x20, 0x5f, 0x34, 0x35, 0x2e, 0x75, 0x5f, 0x73, 0x69, 0x7a, 0x65,
  0x2e, 0x78, 0x29, 0x20, 0x2a, 0x20, 0x32, 0x2e, 0x30, 0x29, 0x20, 0x2d, 0x20, 0x31, 0x2e, 0x30,
  0x2c, 0x20, 0x28, 0x28, 0x69, 0x6e, 0x2e, 0x61, 0x5f, 0x70, 0x6f, 0x73, 0x2e, 0x79, 0x20, 0x2f,
  0x20, 0x5f, 0x34, 0x35, 0x2e, 0x75, 0x5f, 0x73, 0x69, 0x7a, 0x65, 0x2e, 0x79, 0x29, 0x20, 0x2a,
  0x20, 0x32, 0x2e, 0x30, 0x29, 0x20, 0x2d, 0x20, 0x31, 0x2e, 0x30, 0x2c, 0x20, 0x30, 0x2e, 0x30,
  0x2c, 0x20, 0x31, 0x2e, 0x30, 0x29, 0x3b, 0x0a, 0x20, 0x20, 0x20, 0x20, 0x6f, 0x75, 0x74, 0x2e,
  0x67, 0x6c, 0x5f, 0x50, 0x6f, 0x73, 0x69, 0x74, 0x69, 0x6f, 0x6e, 0x2e, 0x79, 0x20, 0x3d, 0x20,
  0x2d, 0x28, 0x6f, 0x75, 0x74, 0x2e, 0x67, 0x6c, 0x5f, 0x50, 0x6f, 0x73, 0x69, 0x74, 0x69, 0x6f,
  0x6e, 0x2e, 0x79, 0x29, 0x3b, 0x20, 0x20, 0x20, 0x20, 0x2f, 0x2f, 0x20, 0x49, 0x6e, 0x76, 0x65,
  0x72, 0x74, 0x20, 0x59, 0x2d, 0x61, 0x78, 0x69, 0x73, 0x20, 0x66, 0x6f, 0x72, 0x20, 0x4d, 0x65,
  0x74, 0x61, 0x6c, 0x0a, 0x20, 0x20, 0x20, 0x20, 0x72, 0x65, 0x74, 0x75, 0x72, 0x6e, 0x20, 0x6f,
  0x75, 0x74, 0x3b, 0x0a, 0x7d, 0x0a, 0x0a, 0x00,
};
static const uint32_t re_ui_vertex_spv[] = {
  0x07230203u, 0x00010600u, 0x000d000bu, 0x00000040u, 0x00000000u, 0x00020011u, 0x00000001u, 0x0006000bu,
  0x00000001u, 0x4c534c47u, 0x6474732eu, 0x3035342eu, 0x00000000u, 0x0003000eu, 0x00000000u, 0x00000001u,
  0x0013000fu, 0x00000000u, 0x00000004u, 0x6e69616du, 0x00000000u, 0x00000009u, 0x0000000bu, 0x0000000du,
  0x0000000eu, 0x00000012u, 0x00000014u, 0x00000016u, 0x00000017u, 0x00000019u, 0x0000001au, 0x0000001cu,
  0x0000001du, 0x00000024u, 0x0000002du, 0x00030003u, 0x00000002u, 0x000001c2u, 0x000a0004u, 0x475f4c47u,
  0x4c474f4fu, 0x70635f45u, 0x74735f70u, 0x5f656c79u, 0x656e696cu, 0x7269645fu, 0x69746365u, 0x00006576u,
  0x00080004u, 0x475f4c47u, 0x4c474f4fu, 0x6e695f45u, 0x64756c63u, 0x69645f65u, 0x74636572u, 0x00657669u,
  0x00040005u, 0x00000004u, 0x6e69616du, 0x00000000u, 0x00040005u, 0x00000009u, 0x6f705f76u, 0x00000073u,
  0x00040005u, 0x0000000bu, 0x6f705f61u, 0x00000073u, 0x00040005u, 0x0000000du, 0x76755f76u, 0x00000000u,
  0x00040005u, 0x0000000eu, 0x76755f61u, 0x00000000u, 0x00040005u, 0x00000012u, 0x6f635f76u, 0x00726f6cu,
  0x00040005u, 0x00000014u, 0x6f635f61u, 0x00726f6cu, 0x00040005u, 0x00000016u, 0x68735f76u, 0x00657061u,
  0x00040005u, 0x00000017u, 0x68735f61u, 0x00657061u, 0x00040005u, 0x00000019u, 0x61725f76u, 0x00696964u,
  0x00040005u, 0x0000001au, 0x61725f61u, 0x00696964u, 0x00040005u, 0x0000001cu, 0x78655f76u, 0x00617274u,
  0x00040005u, 0x0000001du, 0x78655f61u, 0x00617274u, 0x00060005u, 0x00000022u, 0x505f6c67u, 0x65567265u,
  0x78657472u, 0x00000000u, 0x00060006u, 0x00000022u, 0x00000000u, 0x505f6c67u, 0x7469736fu, 0x006e6f69u,
  0x00070006u, 0x00000022u, 0x00000001u, 0x505f6c67u, 0x746e696fu, 0x657a6953u, 0x00000000u, 0x00070006u,
  0x00000022u, 0x00000002u, 0x435f6c67u, 0x4470696cu, 0x61747369u, 0x0065636eu, 0x00070006u, 0x00000022u,
  0x00000003u, 0x435f6c67u, 0x446c6c75u, 0x61747369u, 0x0065636eu, 0x00030005u, 0x00000024u, 0x00000000u,
  0x00050005u, 0x0000002bu, 0x66696e55u, 0x736d726fu, 0x00000000u, 0x00050006u, 0x0000002bu, 0x00000000u,
  0x69735f75u, 0x0000657au, 0x00030005u, 0x0000002du, 0x00000000u, 0x00040047u, 0x00000009u, 0x0000001eu,
  0x00000000u, 0x00040047u, 0x0000000bu, 0x0000001eu, 0x00000000u, 0x00040047u, 0x0000000du, 0x0000001eu,
  0x00000001u, 0x00040047u, 0x0000000eu, 0x0000001eu, 0x00000001u, 0x00040047u, 0x00000012u, 0x0000001eu,
  0x00000002u, 0x00040047u, 0x00000014u, 0x0000001eu, 0x00000002u, 0x00030047u, 0x00000016u, 0x0000000eu,
  0x00040047u, 0x00000016u, 0x0000001eu, 0x00000003u, 0x00040047u, 0x00000017u, 0x0000001eu, 0x00000003u,
  0x00030047u, 0x00000019u, 0x0000000eu, 0x00040047u, 0x00000019u, 0x0000001eu, 0x00000004u, 0x00040047u,
  0x0000001au, 0x0000001eu, 0x00000004u, 0x00030047u, 0x0000001cu, 0x0000000eu, 0x00040047u, 0x0000001cu,
  0x0000001eu, 0x00000005u, 0x00040047u, 0x0000001du, 0x0000001eu, 0x00000005u, 0x00030047u, 0x00000022u,
  0x00000002u, 0x00050048u, 0x00000022u, 0x00000000u, 0x0000000bu, 0x00000000u, 0x00050048u, 0x00000022u,
  0x00000001u, 0x0000000bu, 0x00000001u, 0x00050048u, 0x00000022u, 0x00000002u, 0x0000000bu, 0x00000003u,
  0x00050048u, 0x00000022u, 0x00000003u, 0x0000000bu, 0x00000004u, 0x00030047u, 0x0000002bu, 0x00000002u,
  0x00050048u, 0x0000002bu, 0x00000000u, 0x00000023u, 0x00000000u, 0x00040047u, 0x0000002du, 0x00000021u,
  0x00000000u, 0x00040047u, 0x0000002du, 0x00000022u, 0x00000000u, 0x00020013u, 0x00000002u, 0x00030021u,
  0x00000003u, 0x00000002u, 0x00030016u, 0x00000006u, 0x00000020u, 0x00040017u, 0x00000007u, 0x00000006u,
  0x00000002u, 0x00040020u, 0x00000008u, 0x00000003u, 0x00000007u, 0x0004003bu, 0x00000008u, 0x00000009u,
  0x00000003u, 0x00040020u, 0x0000000au, 0x00000001u, 0x00000007u, 0x0004003bu, 0x0000000au, 0x0000000bu,
  0x00000001u, 0x0004003bu, 0x00000008u, 0x0000000du, 0x00000003u, 0x0004003bu, 0x0000000au, 0x0000000eu,
  0x00000001u, 0x00040017u, 0x00000010u, 0x00000006u, 0x00000004u, 0x00040020u, 0x00000011u, 0x00000003u,
  0x00000010u, 0x0004003bu, 0x00000011u, 0x00000012u, 0x00000003u, 0x00040020u, 0x00000013u, 0x00000001u,
  0x00000010u, 0x0004003bu, 0x00000013u, 0x00000014u, 0x00000001u, 0x0004003bu, 0x00000011u, 0x00000016u,
  0x00000003u, 0x0004003bu, 0x00000013u, 0x00000017u, 0x00000001u, 0x0004003bu, 0x00000011u, 0x00000019u,
  0x00000003u, 0x0004003bu, 0x00000013u, 0x0000001au, 0x00000001u, 0x0004003bu, 0x00000008u, 0x0000001cu,
  0x00000003u, 0x0004003bu, 0x0000000au, 0x0000001du, 0x00000001u, 0x00040015u, 0x0000001fu, 0x00000020u,
  0x00000000u, 0x0004002bu, 0x0000001fu, 0x00000020u, 0x00000001u, 0x0004001cu, 0x00000021u, 0x00000006u,
  0x00000020u, 0x0006001eu, 0x00000022u, 0x00000010u, 0x00000006u, 0x00000021u, 0x00000021u, 0x00040020u,
  0x00000023u, 0x00000003u, 0x00000022u, 0x0004003bu, 0x00000023u, 0x00000024u, 0x00000003u, 0x00040015u,
  0x00000025u, 0x00000020u, 0x00000001u, 0x0004002bu, 0x00000025u, 0x00000026u, 0x00000000u, 0x0004002bu,
  0x0000001fu, 0x00000027u, 0x00000000u, 0x00040020u, 0x00000028u, 0x00000001u, 0x00000006u, 0x0003001eu,
  0x0000002bu, 0x00000010u, 0x00040020u, 0x0000002cu, 0x00000002u, 0x0000002bu, 0x0004003bu, 0x0000002cu,
  0x0000002du, 0x00000002u, 0x00040020u, 0x0000002eu, 0x00000002u, 0x00000006u, 0x0004002bu, 0x00000006u,
  0x00000032u, 0x40000000u, 0x0004002bu, 0x00000006u, 0x00000034u, 0x3f800000u, 0x0004002bu, 0x00000006u,
  0x0000003du, 0x00000000u, 0x00050036u, 0x00000002u, 0x00000004u, 0x00000000u, 0x00000003u, 0x000200f8u,
  0x00000005u, 0x0004003du, 0x00000007u, 0x0000000cu, 0x0000000bu, 0x0003003eu, 0x00000009u, 0x0000000cu,
  0x0004003du, 0x00000007u, 0x0000000fu, 0x0000000eu, 0x0003003eu, 0x0000000du, 0x0000000fu, 0x0004003du,
  0x00000010u, 0x00000015u, 0x00000014u, 0x0003003eu, 0x00000012u, 0x00000015u, 0x0004003du, 0x00000010u,
  0x00000018u, 0x00000017u, 0x0003003eu, 0x00000016u, 0x00000018u, 0x0004003du, 0x00000010u, 0x0000001bu,
  0x0000001au, 0x0003003eu, 0x00000019u, 0x0000001bu, 0x0004003du, 0x00000007u, 0x0000001eu, 0x0000001du,
  0x0003003eu, 0x0000001cu, 0x0000001eu, 0x00050041u, 0x00000028u, 0x00000029u, 0x0000000bu, 0x00000027u,
  0x0004003du, 0x00000006u, 0x0000002au, 0x00000029u, 0x00060041u, 0x0000002eu, 0x0000002fu, 0x0000002du,
  0x00000026u, 0x00000027u, 0x0004003du, 0x00000006u, 0x00000030u, 0x0000002fu, 0x00050088u, 0x00000006u,
  0x00000031u, 0x0000002au, 0x00000030u, 0x00050085u, 0x00000006u, 0x00000033u, 0x00000031u, 0x00000032u,
  0x00050083u, 0x00000006u, 0x00000035u, 0x00000033u, 0x00000034u, 0x00050041u, 0x00000028u, 0x00000036u,
  0x0000000bu, 0x00000020u, 0x0004003du, 0x00000006u, 0x00000037u, 0x00000036u, 0x00060041u, 0x0000002eu,
  0x00000038u, 0x0000002du, 0x00000026u, 0x00000020u, 0x0004003du, 0x00000006u, 0x00000039u, 0x00000038u,
  0x00050088u, 0x00000006u, 0x0000003au, 0x00000037u, 0x00000039u, 0x00050085u, 0x00000006u, 0x0000003bu,
  0x0000003au, 0x00000032u, 0x00050083u, 0x00000006u, 0x0000003cu, 0x0000003bu, 0x00000034u, 0x00070050u,
  0x00000010u, 0x0000003eu, 0x00000035u, 0x0000003cu, 0x0000003du, 0x00000034u, 0x00050041u, 0x00000011u,
  0x0000003fu, 0x00000024u, 0x00000026u, 0x0003003eu, 0x0000003fu, 0x0000003eu, 0x000100fdu, 0x00010038u,
};

static const char re_ui_fragment_glsl[] = {
  0x23, 0x76, 0x65, 0x72, 0x73, 0x69, 0x6f, 0x6e, 0x20, 0x33, 0x33, 0x30, 0x20, 0x63, 0x6f, 0x72,
  0x65, 0x0a, 0x23, 0x64, 0x65, 0x66, 0x69, 0x6e, 0x65, 0x20, 0x49, 0x4e, 0x28, 0x6c, 0x6f, 0x63,
  0x29, 0x20, 0x6c, 0x61, 0x79, 0x6f, 0x75, 0x74, 0x28, 0x6c, 0x6f, 0x63, 0x61, 0x74, 0x69, 0x6f,
  0x6e, 0x20, 0x3d, 0x20, 0x6c, 0x6f, 0x63, 0x29, 0x20, 0x69, 0x6e, 0x0a, 0x23, 0x64, 0x65, 0x66,
  0x69, 0x6e, 0x65, 0x20, 0x4f, 0x55, 0x54, 0x28, 0x6c, 0x6f, 0x63, 0x29, 0x20, 0x6f, 0x75, 0x74,
  0x0a, 0x23, 0x64, 0x65, 0x66, 0x69, 0x6e, 0x65, 0x20, 0x46, 0x4c, 0x41, 0x54, 0x5f, 0x4f, 0x55,
  0x54, 0x28, 0x6c, 0x6f, 0x63, 0x29, 0x20, 0x66, 0x6c, 0x61, 0x74, 0x20, 0x6f, 0x75, 0x74, 0x0a,
  0x23, 0x64, 0x65, 0x66, 0x69, 0x6e, 0x65, 0x20, 0x49, 0x4e, 0x5f, 0x46, 0x28, 0x6c, 0x6f, 0x63,
  0x29, 0x20, 0x69, 0x6e, 0x0a, 0x23, 0x64, 0x65, 0x66, 0x69, 0x6e, 0x65, 0x20, 0x46, 0x4c, 0x41,
  0x54, 0x5f, 0x49, 0x4e, 0x28, 0x6c, 0x6f, 0x63, 0x29, 0x20, 0x66, 0x6c, 0x61, 0x74, 0x20, 0x69,
  0x6e, 0x0a, 0x23, 0x64, 0x65, 0x66, 0x69, 0x6e, 0x65, 0x20, 0x4f, 0x55, 0x54, 0x5f, 0x43, 0x4f,
  0x4c, 0x4f, 0x52, 0x20, 0x6f, 0x75, 0x74, 0x20, 0x76, 0x65, 0x63, 0x34, 0x20, 0x6f, 0x5f, 0x63,
  0x6f, 0x6c, 0x6f, 0x72, 0x3b, 0x0a, 0x2f, 0x2a, 0x20, 0x4e, 0x44, 0x43, 0x5f, 0x59, 0x20, 0x74,
  0x75, 0x72, 0x6e, 0x73, 0x20, 0x61, 0x20, 0x30, 0x2e, 0x2e, 0x31, 0x20, 0x74, 0x6f, 0x70, 0x2d,
  0x64, 0x6f, 0x77, 0x6e, 0x20, 0x70, 0x6f, 0x73, 0x69, 0x74, 0x69, 0x6f, 0x6e, 0x20, 0x69, 0x6e,
  0x74, 0x6f, 0x20, 0x74, 0x68, 0x69, 0x73, 0x20, 0x41, 0x50, 0x49, 0x27, 0x73, 0x20, 0x63, 0x6c,
  0x69, 0x70, 0x2d, 0x73, 0x70, 0x61, 0x63, 0x65, 0x20, 0x59, 0x20, 0x73, 0x75, 0x63, 0x68, 0x20,
  0x74, 0x68, 0x61, 0x74, 0x20, 0x74, 0x68, 0x65, 0x20, 0x54, 0x4f, 0x50, 0x20, 0x6f, 0x66, 0x20,
  0x74, 0x68, 0x65, 0x0a, 0x20, 0x20, 0x20, 0x64, 0x72, 0x61, 0x77, 0x20, 0x6c, 0x69, 0x73, 0x74,
  0x20, 0x69, 0x73, 0x20, 0x74, 0x68, 0x65, 0x20, 0x74, 0x6f, 0x70, 0x20, 0x6f, 0x66, 0x20, 0x74,
  0x68, 0x65, 0x20, 0x57, 0x49, 0x4e, 0x44, 0x4f, 0x57, 0x2e, 0x20, 0x49, 0x74, 0x20, 0x69, 0x73,
  0x20, 0x6e, 0x6f, 0x74, 0x20, 0x74, 0x68, 0x65, 0x20, 0x73, 0x61, 0x6d, 0x65, 0x20, 0x65, 0x78,
  0x70, 0x72, 0x65, 0x73, 0x73, 0x69, 0x6f, 0x6e, 0x20, 0x6f, 0x6e, 0x20, 0x65, 0x76, 0x65, 0x72,
  0x79, 0x20, 0x41, 0x50, 0x49, 0x2c, 0x20, 0x61, 0x6e, 0x64, 0x20, 0x74, 0x68, 0x65, 0x20, 0x74,
  0x68, 0x72, 0x65, 0x65, 0x0a, 0x20, 0x20, 0x20, 0x68, 0x61, 0x6e, 0x64, 0x2d, 0x77, 0x72, 0x69,
  0x74, 0x74, 0x65, 0x6e, 0x20, 0x62, 0x61, 0x63, 0x6b, 0x65, 0x6e, 0x64, 0x73, 0x20, 0x77, 0x65,
  0x72, 0x65, 0x20, 0x72, 0x69, 0x67, 0x68, 0x74, 0x20, 0x74, 0x6f, 0x20, 0x64, 0x69, 0x73, 0x61,
  0x67, 0x72, 0x65, 0x65, 0x20, 0x61, 0x62, 0x6f, 0x75, 0x74, 0x20, 0x69, 0x74, 0x20, 0x2d, 0x2d,
  0x20, 0x73, 0x65, 0x65, 0x20, 0x74, 0x68, 0x65, 0x20, 0x6e, 0x6f, 0x74, 0x65, 0x20, 0x69, 0x6e,
  0x20, 0x74, 0x6f, 0x6f, 0x6c, 0x73, 0x2f, 0x73, 0x68, 0x61, 0x64, 0x65, 0x72, 0x73, 0x2e, 0x70,
  0x79, 0x2e, 0x20, 0x2a, 0x2f, 0x0a, 0x23, 0x64, 0x65, 0x66, 0x69, 0x6e, 0x65, 0x20, 0x4e, 0x44,
  0x43, 0x5f, 0x59, 0x28, 0x74, 0x29, 0x20, 0x28, 0x31, 0x2e, 0x30, 0x20, 0x2d, 0x20, 0x28, 0x74,
  0x29, 0x20, 0x2a, 0x20, 0x32, 0x2e, 0x30, 0x29, 0x0a, 0x2f, 0x2f, 0x20, 0x54, 0x68, 0x65, 0x20,
  0x64, 0x72, 0x61, 0x77, 0x20, 0x6c, 0x69, 0x73, 0x74, 0x27, 0x73, 0x20, 0x6f, 0x6e, 0x65, 0x20,
  0x73, 0x68, 0x61, 0x64, 0x65, 0x72, 0x2c, 0x20, 0x69, 0x6e, 0x20, 0x6f, 0x6e, 0x65, 0x20, 0x73,
  0x6f, 0x75, 0x72, 0x63, 0x65, 0x20, 0x28, 0x73, 0x70, 0x65, 0x63, 0x20, 0x31, 0x32, 0x34, 0x2c,
  0x20, 0x46, 0x31, 0x33, 0x33, 0x29, 0x2e, 0x0a, 0x2f, 0x2f, 0x0a, 0x2f, 0x2f, 0x20, 0x49, 0x74,
  0x20, 0x75, 0x73, 0x65, 0x64, 0x20, 0x74, 0x6f, 0x20, 0x65, 0x78, 0x69, 0x73, 0x74, 0x20, 0x74,
  0x68, 0x72, 0x65, 0x65, 0x20, 0x74, 0x69, 0x6d, 0x65, 0x73, 0x3a, 0x20, 0x69, 0x6e, 0x6c, 0x69,
  0x6e, 0x65, 0x20, 0x47, 0x4c, 0x53, 0x4c, 0x20, 0x69, 0x6e, 0x20, 0x62, 0x61, 0x63, 0x6b, 0x65,
  0x6e, 0x64, 0x5f, 0x67, 0x6c, 0x2e, 0x63, 0x2c, 0x20, 0x74, 0x68, 0x69, 0x73, 0x20, 0x64, 0x69,
  0x72, 0x65, 0x63, 0x74, 0x6f, 0x72, 0x79, 0x27, 0x73, 0x20, 0x75, 0x69, 0x2e, 0x76, 0x65, 0x72,
  0x74, 0x2f, 0x75, 0x69, 0x2e, 0x66, 0x72, 0x61, 0x67, 0x20, 0x66, 0x6f, 0x72, 0x0a, 0x2f, 0x2f,
  0x20, 0x74, 0x68, 0x65, 0x20, 0x56, 0x75, 0x6c, 0x6b, 0x61, 0x6e, 0x20, 0x61, 0x64, 0x61, 0x70,
  0x74, 0x65, 0x72, 0x2c, 0x20, 0x61, 0x6e, 0x64, 0x20, 0x69, 0x6e, 0x6c, 0x69, 0x6e, 0x65, 0x20,
  0x4d, 0x53, 0x4c, 0x20, 0x69, 0x6e, 0x20, 0x62, 0x61, 0x63, 0x6b, 0x65, 0x6e, 0x64, 0x5f, 0x6d,
  0x65, 0x74, 0x61, 0x6c, 0x2e, 0x6d, 0x2e, 0x20, 0x54, 0x68, 0x65, 0x20, 0x73, 0x69, 0x67, 0x6e,
  0x65, 0x64, 0x2d, 0x64, 0x69, 0x73, 0x74, 0x61, 0x6e, 0x63, 0x65, 0x20, 0x6d, 0x61, 0x74, 0x68,
  0x73, 0x20, 0x61, 0x67, 0x72, 0x65, 0x65, 0x64, 0x2c, 0x20, 0x62, 0x65, 0x63, 0x61, 0x75, 0x73,
  0x65, 0x0a, 0x2f, 0x2f, 0x20, 0x73, 0x6f, 0x6d, 0x65, 0x6f, 0x6e, 0x65, 0x20, 0x6b, 0x65, 0x70,
  0x74, 0x20, 0x69, 0x74, 0x20, 0x61, 0x67, 0x72, 0x65, 0x65, 0x69, 0x6e, 0x67, 0x3b, 0x20, 0x74,
  0x68, 0x65, 0x20, 0x49, 0x4e, 0x54, 0x45, 0x52, 0x46, 0x41, 0x43, 0x45, 0x53, 0x20, 0x64, 0x69,
  0x64, 0x20, 0x6e, 0x6f, 0x74, 0x20, 0xe2, 0x80, 0x94, 0x20, 0x74, 0x68, 0x65, 0x20, 0x56, 0x75,
  0x6c, 0x6b, 0x61, 0x6e, 0x20, 0x63, 0x6f, 0x70, 0x79, 0x20, 0x6e, 0x75, 0x6d, 0x62, 0x65, 0x72,
  0x65, 0x64, 0x20, 0x69, 0x74, 0x73, 0x20, 0x61, 0x74, 0x74, 0x72, 0x69, 0x62, 0x75, 0x74, 0x65,
  0x73, 0x0a, 0x2f, 0x2f, 0x20, 0x73, 0x68, 0x61, 0x70, 0x65, 0x2c, 0x20, 0x72, 0x61, 0x64, 0x69,
  0x69, 0x2c, 0x20, 0x70, 0x6f, 0x73, 0x2c, 0x20, 0x75, 0x76, 0x2c, 0x20, 0x65, 0x78, 0x74, 0x72,
  0x61, 0x2c, 0x20, 0x63, 0x6f, 0x6c, 0x6f, 0x72, 0x20, 0x77, 0x68, 0x69, 0x6c, 0x65, 0x20, 0x74,
  0x68, 0x65, 0x20, 0x4f, 0x70, 0x65, 0x6e, 0x47, 0x4c, 0x20, 0x63, 0x6f, 0x70, 0x79, 0x20, 0x6e,
  0x75, 0x6d, 0x62, 0x65, 0x72, 0x65, 0x64, 0x20, 0x74, 0x68, 0x65, 0x6d, 0x20, 0x70, 0x6f, 0x73,
  0x2c, 0x20, 0x75, 0x76, 0x2c, 0x20, 0x63, 0x6f, 0x6c, 0x6f, 0x72, 0x2c, 0x20, 0x73, 0x68, 0x61,
  0x70, 0x65, 0x2c, 0x0a, 0x2f, 0x2f, 0x20, 0x72, 0x61, 0x64, 0x69, 0x69, 0x2c, 0x20, 0x65, 0x78,
  0x74, 0x72, 0x61, 0x2c, 0x20, 0x61, 0x6e, 0x64, 0x20, 0x74, 0x68, 0x65, 0x20, 0x74, 0x77, 0x6f,
  0x20, 0x65, 0x6d, 0x69, 0x74, 0x74, 0x65, 0x64, 0x20, 0x6f, 0x70, 0x70, 0x6f, 0x73, 0x69, 0x74,
  0x65, 0x20, 0x59, 0x2e, 0x20, 0x54, 0x68, 0x72, 0x65, 0x65, 0x20, 0x64, 0x69, 0x61, 0x6c, 0x65,
  0x63, 0x74, 0x73, 0x20, 0x6f, 0x66, 0x20, 0x6f, 0x6e, 0x65, 0x20, 0x73, 0x68, 0x61, 0x64, 0x65,
  0x72, 0x20, 0x69, 0x73, 0x20, 0x61, 0x20, 0x64, 0x72, 0x69, 0x66, 0x74, 0x20, 0x72, 0x69, 0x73,
  0x6b, 0x3b, 0x20, 0x74, 0x68, 0x72, 0x65, 0x65, 0x0a, 0x2f, 0x2f, 0x20, 0x64, 0x69, 0x61, 0x6c,
  0x65, 0x63, 0x74, 0x73, 0x20, 0x74, 0x68, 0x61, 0x74, 0x20, 0x61, 0x6c, 0x72, 0x65, 0x61, 0x64,
  0x79, 0x20, 0x64, 0x69, 0x73, 0x61, 0x67, 0x72, 0x65, 0x65, 0x64, 0x20, 0x61, 0x62, 0x6f, 0x75,
  0x74, 0x20, 0x74, 0x68, 0x65, 0x69, 0x72, 0x20, 0x6f, 0x77, 0x6e, 0x20, 0x76, 0x65, 0x72, 0x74,
  0x65, 0x78, 0x20, 0x6c, 0x61, 0x79, 0x6f, 0x75, 0x74, 0x20, 0x69, 0x73, 0x20, 0x74, 0x68, 0x65,
  0x20, 0x64, 0x72, 0x69, 0x66, 0x74, 0x2e, 0x0a, 0x2f, 0x2f, 0x0a, 0x2f, 0x2f, 0x20, 0x4f, 0x6e,
  0x65, 0x20, 0x6c, 0x61, 0x79, 0x6f, 0x75, 0x74, 0x20, 0x6e, 0x6f, 0x77, 0x2c, 0x20, 0x61, 0x6e,
  0x64, 0x20, 0x6f, 0x6e, 0x65, 0x20, 0x59, 0x2e, 0x20, 0x54, 0x68, 0x65, 0x20, 0x73, 0x65, 0x61,
  0x6d, 0x27, 0x73, 0x20, 0x62, 0x61, 0x63, 0x6b, 0x65, 0x6e, 0x64, 0x73, 0x20, 0x73, 0x74, 0x6f,
  0x72, 0x65, 0x20, 0x4e, 0x44, 0x43, 0x20, 0x2d, 0x31, 0x20, 0x69, 0x6e, 0x20, 0x72, 0x6f, 0x77,
  0x20, 0x30, 0x20, 0x6f, 0x6e, 0x20, 0x65, 0x76, 0x65, 0x72, 0x79, 0x20, 0x41, 0x50, 0x49, 0x20,
  0x28, 0x73, 0x65, 0x65, 0x20, 0x74, 0x68, 0x65, 0x20, 0x6c, 0x6f, 0x6e, 0x67, 0x0a, 0x2f, 0x2f,
  0x20, 0x6e, 0x6f, 0x74, 0x65, 0x20, 0x69, 0x6e, 0x20, 0x67, 0x70, 0x75, 0x5f, 0x73, 0x65, 0x61,
  0x6d, 0x5f, 0x76, 0x6b, 0x2e, 0x63, 0x29, 0x2c, 0x20, 0x73, 0x6f, 0x20, 0x74, 0x68, 0x65, 0x20,
  0x4f, 0x70, 0x65, 0x6e, 0x47, 0x4c, 0x20, 0x66, 0x6f, 0x72, 0x6d, 0x75, 0x6c, 0x61, 0x20, 0x69,
  0x73, 0x20, 0x74, 0x68, 0x65, 0x20, 0x66, 0x6f, 0x72, 0x6d, 0x75, 0x6c, 0x61, 0x20, 0x65, 0x76,
  0x65, 0x72, 0x79, 0x77, 0x68, 0x65, 0x72, 0x65, 0x3a, 0x20, 0x6c, 0x6f, 0x67, 0x69, 0x63, 0x61,
  0x6c, 0x20, 0x79, 0x20, 0x63, 0x6f, 0x75, 0x6e, 0x74, 0x73, 0x20, 0x64, 0x6f, 0x77, 0x6e, 0x0a,
  0x2f, 0x2f, 0x20, 0x66, 0x72, 0x6f, 0x6d, 0x20, 0x74, 0x68, 0x65, 0x20, 0x74, 0x6f, 0x70, 0x20,
  0x6f, 0x66, 0x20, 0x74, 0x68, 0x65, 0x20, 0x77, 0x69, 0x6e, 0x64, 0x6f, 0x77, 0x2c, 0x20, 0x61,
  0x6e, 0x64, 0x20, 0x31, 0x2e, 0x30, 0x20, 0x2d, 0x20, 0x79, 0x2f, 0x68, 0x2a, 0x32, 0x20, 0x70,
  0x75, 0x74, 0x73, 0x20, 0x69, 0x74, 0x20, 0x77, 0x68, 0x65, 0x72, 0x65, 0x20, 0x65, 0x76, 0x65,
  0x72, 0x79, 0x20, 0x62, 0x61, 0x63, 0x6b, 0x65, 0x6e, 0x64, 0x20, 0x61, 0x67, 0x72, 0x65, 0x65,
  0x73, 0x20, 0x69, 0x74, 0x20, 0x67, 0x6f, 0x65, 0x73, 0x2e, 0x0a, 0x2f, 0x2f, 0x0a, 0x2f, 0x2f,
  0x20, 0x4d, 0x6f, 0x64, 0x65, 0x73, 0x3a, 0x20, 0x30, 0x20, 0x73, 0x6f, 0x6c, 0x69, 0x64, 0x2c,
  0x20, 0x31, 0x20, 0x72, 0x6f, 0x75, 0x6e, 0x64, 0x65, 0x64, 0x20, 0x66, 0x69, 0x6c, 0x6c, 0x2c,
  0x20, 0x32, 0x20, 0x72, 0x69, 0x6e, 0x67, 0x2c, 0x20, 0x33, 0x20, 0x73, 0x68, 0x61, 0x64, 0x6f,
  0x77, 0x2c, 0x20, 0x34, 0x20, 0x63, 0x6f, 0x76, 0x65, 0x72, 0x61, 0x67, 0x65, 0x20, 0x61, 0x74,
  0x6c, 0x61, 0x73, 0x2c, 0x20, 0x35, 0x20, 0x52, 0x47, 0x42, 0x41, 0x20, 0x74, 0x65, 0x78, 0x74,
  0x75, 0x72, 0x65, 0x2e, 0x0a, 0x0a, 0x75, 0x6e, 0x69, 0x66, 0x6f, 0x72, 0x6d, 0x20, 0x76, 0x65,
  0x63, 0x34, 0x20, 0x75, 0x5f, 0x73, 0x69, 0x7a, 0x65, 0x3b, 0x0a, 0x75, 0x6e, 0x69, 0x66, 0x6f,
  0x72, 0x6d, 0x20, 0x73, 0x61, 0x6d, 0x70, 0x6c, 0x65, 0x72, 0x32, 0x44, 0x20, 0x75, 0x5f, 0x74,
  0x65, 0x78, 0x74, 0x75, 0x72, 0x65, 0x3b, 0x0a, 0x0a, 0x23, 0x69, 0x66, 0x64, 0x65, 0x66, 0x20,
  0x56, 0x45, 0x52, 0x54, 0x45, 0x58, 0x0a, 0x49, 0x4e, 0x28, 0x30, 0x29, 0x20, 0x76, 0x65, 0x63,
  0x32, 0x20, 0x61, 0x5f, 0x70, 0x6f, 0x73, 0x3b, 0x0a, 0x49, 0x4e, 0x28, 0x31, 0x29, 0x20, 0x76,
  0x65, 0x63, 0x32, 0x20, 0x61, 0x5f, 0x75, 0x76, 0x3b, 0x0a, 0x49, 0x4e, 0x28, 0x32, 0x29, 0x20,
  0x76, 0x65, 0x63, 0x34, 0x20, 0x61, 0x5f, 0x63, 0x6f, 0x6c, 0x6f, 0x72, 0x3b, 0x0a, 0x49, 0x4e,
  0x28, 0x33, 0x29, 0x20, 0x76, 0x65, 0x63, 0x34, 0x20, 0x61, 0x5f, 0x73, 0x68, 0x61, 0x70, 0x65,
  0x3b, 0x0a, 0x49, 0x4e, 0x28, 0x34, 0x29, 0x20, 0x76, 0x65, 0x63, 0x34, 0x20, 0x61, 0x5f, 0x72,
  0x61, 0x64, 0x69, 0x69, 0x3b, 0x0a, 0x49, 0x4e, 0x28, 0x35, 0x29, 0x20, 0x76, 0x65, 0x63, 0x32,
  0x20, 0x61, 0x5f, 0x65, 0x78, 0x74, 0x72, 0x61, 0x3b, 0x0a, 0x4f, 0x55, 0x54, 0x28, 0x30, 0x29,
  0x20, 0x76, 0x65, 0x63, 0x32, 0x20, 0x76, 0x5f, 0x70, 0x6f, 0x73, 0x3b, 0x0a, 0x4f, 0x55, 0x54,
  0x28, 0x31, 0x29, 0x20, 0x76, 0x65, 0x63, 0x32, 0x20, 0x76, 0x5f, 0x75, 0x76, 0x3b, 0x0a, 0x4f,
  0x55, 0x54, 0x28, 0x32, 0x29, 0x20, 0x76, 0x65, 0x63, 0x34, 0x20, 0x76, 0x5f, 0x63, 0x6f, 0x6c,
  0x6f, 0x72, 0x3b, 0x0a, 0x46, 0x4c, 0x41, 0x54, 0x5f, 0x4f, 0x55, 0x54, 0x28, 0x33, 0x29, 0x20,
  0x76, 0x65, 0x63, 0x34, 0x20, 0x76, 0x5f, 0x73, 0x68, 0x61, 0x70, 0x65, 0x3b, 0x0a, 0x46, 0x4c,
  0x41, 0x54, 0x5f, 0x4f, 0x55, 0x54, 0x28, 0x34, 0x29, 0x20, 0x76, 0x65, 0x63, 0x34, 0x20, 0x76,
  0x5f, 0x72, 0x61, 0x64, 0x69, 0x69, 0x3b, 0x0a, 0x46, 0x4c, 0x41, 0x54, 0x5f, 0x4f, 0x55, 0x54,
  0x28, 0x35, 0x29, 0x20, 0x76, 0x65, 0x63, 0x32, 0x20, 0x76, 0x5f, 0x65, 0x78, 0x74, 0x72, 0x61,
  0x3b, 0x0a, 0x76, 0x6f, 0x69, 0x64, 0x20, 0x6d, 0x61, 0x69, 0x6e, 0x28, 0x29, 0x20, 0x7b, 0x0a,
  0x20, 0x20, 0x76, 0x5f, 0x70, 0x6f, 0x73, 0x20, 0x3d, 0x20, 0x61, 0x5f, 0x70, 0x6f, 0x73, 0x3b,
  0x20, 0x76, 0x5f, 0x75, 0x76, 0x20, 0x3d, 0x20, 0x61, 0x5f, 0x75, 0x76, 0x3b, 0x20, 0x76, 0x5f,
  0x63, 0x6f, 0x6c, 0x6f, 0x72, 0x20, 0x3d, 0x20, 0x61, 0x5f, 0x63, 0x6f, 0x6c, 0x6f, 0x72, 0x3b,
  0x0a, 0x20, 0x20, 0x76, 0x5f, 0x73, 0x68, 0x61, 0x70, 0x65, 0x20, 0x3d, 0x20, 0x61, 0x5f, 0x73,
  0x68, 0x61, 0x70, 0x65, 0x3b, 0x20, 0x76, 0x5f, 0x72, 0x61, 0x64, 0x69, 0x69, 0x20, 0x3d, 0x20,
  0x61, 0x5f, 0x72, 0x61, 0x64, 0x69, 0x69, 0x3b, 0x20, 0x76, 0x5f, 0x65, 0x78, 0x74, 0x72, 0x61,
  0x20, 0x3d, 0x20, 0x61, 0x5f, 0x65, 0x78, 0x74, 0x72, 0x61, 0x3b, 0x0a, 0x20, 0x20, 0x67, 0x6c,
  0x5f, 0x50, 0x6f, 0x73, 0x69, 0x74, 0x69, 0x6f, 0x6e, 0x20, 0x3d, 0x20, 0x76, 0x65, 0x63, 0x34,
  0x28, 0x61, 0x5f, 0x70, 0x6f, 0x73, 0x2e, 0x78, 0x20, 0x2f, 0x20, 0x75, 0x5f, 0x73, 0x69, 0x7a,
  0x65, 0x2e, 0x78, 0x20, 0x2a, 0x20, 0x32, 0x2e, 0x30, 0x20, 0x2d, 0x20, 0x31, 0x2e, 0x30, 0x2c,
  0x20, 0x4e, 0x44, 0x43, 0x5f, 0x59, 0x28, 0x61, 0x5f, 0x70, 0x6f, 0x73, 0x2e, 0x79, 0x20, 0x2f,
  0x20, 0x75, 0x5f, 0x73, 0x69, 0x7a, 0x65, 0x2e, 0x79, 0x29, 0x2c, 0x20, 0x30, 0x2e, 0x30, 0x2c,
  0x20, 0x31, 0x2e, 0x30, 0x29, 0x3b, 0x0a, 0x7d, 0x0a, 0x23, 0x65, 0x6c, 0x73, 0x65, 0x0a, 0x49,
  0x4e, 0x5f, 0x46, 0x28, 0x30, 0x29, 0x20, 0x76, 0x65, 0x63, 0x32, 0x20, 0x76, 0x5f, 0x70, 0x6f,
  0x73, 0x3b, 0x0a, 0x49, 0x4e, 0x5f, 0x46, 0x28, 0x31, 0x29, 0x20, 0x76, 0x65, 0x63, 0x32, 0x20,
  0x76, 0x5f, 0x75, 0x76, 0x3b, 0x0a, 0x49, 0x4e, 0x5f, 0x46, 0x28, 0x32, 0x29, 0x20, 0x76, 0x65,
  0x63, 0x34, 0x20, 0x76, 0x5f, 0x63, 0x6f, 0x6c, 0x6f, 0x72, 0x3b, 0x0a, 0x46, 0x4c, 0x41, 0x54,
  0x5f, 0x49, 0x4e, 0x28, 0x33, 0x29, 0x20, 0x76, 0x65, 0x63, 0x34, 0x20, 0x76, 0x5f, 0x73, 0x68,
  0x61, 0x70, 0x65, 0x3b, 0x0a, 0x46, 0x4c, 0x41, 0x54, 0x5f, 0x49, 0x4e, 0x28, 0x34, 0x29, 0x20,
  0x76, 0x65, 0x63, 0x34, 0x20, 0x76, 0x5f, 0x72, 0x61, 0x64, 0x69, 0x69, 0x3b, 0x0a, 0x46, 0x4c,
  0x41, 0x54, 0x5f, 0x49, 0x4e, 0x28, 0x35, 0x29, 0x20, 0x76, 0x65, 0x63, 0x32, 0x20, 0x76, 0x5f,
  0x65, 0x78, 0x74, 0x72, 0x61, 0x3b, 0x0a, 0x4f, 0x55, 0x54, 0x5f, 0x43, 0x4f, 0x4c, 0x4f, 0x52,
  0x0a, 0x66, 0x6c, 0x6f, 0x61, 0x74, 0x20, 0x62, 0x6f, 0x78, 0x28, 0x76, 0x65, 0x63, 0x32, 0x20,
  0x70, 0x2c, 0x20, 0x76, 0x65, 0x63, 0x32, 0x20, 0x68, 0x2c, 0x20, 0x66, 0x6c, 0x6f, 0x61, 0x74,
  0x20, 0x72, 0x29, 0x20, 0x7b, 0x20, 0x76, 0x65, 0x63, 0x32, 0x20, 0x71, 0x20, 0x3d, 0x20, 0x61,
  0x62, 0x73, 0x28, 0x70, 0x29, 0x20, 0x2d, 0x20, 0x28, 0x68, 0x20, 0x2d, 0x20, 0x76, 0x65, 0x63,
  0x32, 0x28, 0x72, 0x29, 0x29, 0x3b, 0x20, 0x72, 0x65, 0x74, 0x75, 0x72, 0x6e, 0x20, 0x6c, 0x65,
  0x6e, 0x67, 0x74, 0x68, 0x28, 0x6d, 0x61, 0x78, 0x28, 0x71, 0x2c, 0x20, 0x30, 0x2e, 0x30, 0x29,
  0x29, 0x20, 0x2b, 0x20, 0x6d, 0x69, 0x6e, 0x28, 0x6d, 0x61, 0x78, 0x28, 0x71, 0x2e, 0x78, 0x2c,
  0x20, 0x71, 0x2e, 0x79, 0x29, 0x2c, 0x20, 0x30, 0x2e, 0x30, 0x29, 0x20, 0x2d, 0x20, 0x72, 0x3b,
  0x20, 0x7d, 0x0a, 0x66, 0x6c, 0x6f, 0x61, 0x74, 0x20, 0x63, 0x6f, 0x72, 0x6e, 0x65, 0x72, 0x28,
  0x76, 0x65, 0x63, 0x32, 0x20, 0x70, 0x29, 0x20, 0x7b, 0x20, 0x72, 0x65, 0x74, 0x75, 0x72, 0x6e,
  0x20, 0x70, 0x2e, 0x78, 0x20, 0x3c, 0x20, 0x30, 0x2e, 0x30, 0x20, 0x3f, 0x20, 0x28, 0x70, 0x2e,
  0x79, 0x20, 0x3c, 0x20, 0x30, 0x2e, 0x30, 0x20, 0x3f, 0x20, 0x76, 0x5f, 0x72, 0x61, 0x64, 0x69,
  0x69, 0x2e, 0x78, 0x20, 0x3a, 0x20, 0x76, 0x5f, 0x72, 0x61, 0x64, 0x69, 0x69, 0x2e, 0x77, 0x29,
  0x20, 0x3a, 0x20, 0x28, 0x70, 0x2e, 0x79, 0x20, 0x3c, 0x20, 0x30, 0x2e, 0x30, 0x20, 0x3f, 0x20,
  0x76, 0x5f, 0x72, 0x61, 0x64, 0x69, 0x69, 0x2e, 0x79, 0x20, 0x3a, 0x20, 0x76, 0x5f, 0x72, 0x61,
  0x64, 0x69, 0x69, 0x2e, 0x7a, 0x29, 0x3b, 0x20, 0x7d, 0x0a, 0x76, 0x6f, 0x69, 0x64, 0x20, 0x6d,
  0x61, 0x69, 0x6e, 0x28, 0x29, 0x20, 0x7b, 0x0a, 0x20, 0x20, 0x69, 0x6e, 0x74, 0x20, 0x6d, 0x6f,
  0x64, 0x65, 0x20, 0x3d, 0x20, 0x69, 0x6e, 0x74, 0x28, 0x76, 0x5f, 0x65, 0x78, 0x74, 0x72, 0x61,
  0x2e, 0x79, 0x20, 0x2b, 0x20, 0x30, 0x2e, 0x35, 0x29, 0x3b, 0x20, 0x76, 0x65, 0x63, 0x34, 0x20,
  0x63, 0x20, 0x3d, 0x20, 0x76, 0x5f, 0x63, 0x6f, 0x6c, 0x6f, 0x72, 0x3b, 0x20, 0x76, 0x65, 0x63,
  0x32, 0x20, 0x70, 0x20, 0x3d, 0x20, 0x76, 0x5f, 0x70, 0x6f, 0x73, 0x20, 0x2d, 0x20, 0x76, 0x5f,
  0x73, 0x68, 0x61, 0x70, 0x65, 0x2e, 0x78, 0x79, 0x3b, 0x20, 0x76, 0x65, 0x63, 0x32, 0x20, 0x68,
  0x20, 0x3d, 0x20, 0x76, 0x5f, 0x73, 0x68, 0x61, 0x70, 0x65, 0x2e, 0x7a, 0x77, 0x3b, 0x20, 0x66,
  0x6c, 0x6f, 0x61, 0x74, 0x20, 0x77, 0x20, 0x3d, 0x20, 0x76, 0x5f, 0x65, 0x78, 0x74, 0x72, 0x61,
  0x2e, 0x78, 0x3b, 0x0a, 0x20, 0x20, 0x69, 0x66, 0x20, 0x28, 0x6d, 0x6f, 0x64, 0x65, 0x20, 0x3d,
  0x3d, 0x20, 0x31, 0x29, 0x20, 0x7b, 0x20, 0x63, 0x2e, 0x61, 0x20, 0x2a, 0x3d, 0x20, 0x63, 0x6c,
  0x61, 0x6d, 0x70, 0x28, 0x30, 0x2e, 0x35, 0x20, 0x2d, 0x20, 0x62, 0x6f, 0x78, 0x28, 0x70, 0x2c,
  0x20, 0x68, 0x2c, 0x20, 0x63, 0x6f, 0x72, 0x6e, 0x65, 0x72, 0x28, 0x70, 0x29, 0x29, 0x2c, 0x20,
  0x30, 0x2e, 0x30, 0x2c, 0x20, 0x31, 0x2e, 0x30, 0x29, 0x3b, 0x20, 0x7d, 0x0a, 0x20, 0x20, 0x65,
  0x6c, 0x73, 0x65, 0x20, 0x69, 0x66, 0x20, 0x28, 0x6d, 0x6f, 0x64, 0x65, 0x20, 0x3d, 0x3d, 0x20,
  0x32, 0x29, 0x20, 0x7b, 0x20, 0x66, 0x6c, 0x6f, 0x61, 0x74, 0x20, 0x72, 0x20, 0x3d, 0x20, 0x63,
  0x6f, 0x72, 0x6e, 0x65, 0x72, 0x28, 0x70, 0x29, 0x3b, 0x20, 0x66, 0x6c, 0x6f, 0x61, 0x74, 0x20,
  0x6f, 0x20, 0x3d, 0x20, 0x63, 0x6c, 0x61, 0x6d, 0x70, 0x28, 0x30, 0x2e, 0x35, 0x20, 0x2d, 0x20,
  0x62, 0x6f, 0x78, 0x28, 0x70, 0x2c, 0x20, 0x68, 0x2c, 0x20, 0x72, 0x29, 0x2c, 0x20, 0x30, 0x2e,
  0x30, 0x2c, 0x20, 0x31, 0x2e, 0x30, 0x29, 0x3b, 0x0a, 0x20, 0x20, 0x20, 0x20, 0x66, 0x6c, 0x6f,
  0x61, 0x74, 0x20, 0x69, 0x20, 0x3d, 0x20, 0x63, 0x6c, 0x61, 0x6d, 0x70, 0x28, 0x30, 0x2e, 0x35,
  0x20, 0x2d, 0x20, 0x62, 0x6f, 0x78, 0x28, 0x70, 0x2c, 0x20, 0x68, 0x20, 0x2d, 0x20, 0x76, 0x65,
  0x63, 0x32, 0x28, 0x77, 0x29, 0x2c, 0x20, 0x6d, 0x61, 0x78, 0x28, 0x72, 0x20, 0x2d, 0x20, 0x77,
  0x2c, 0x20, 0x30, 0x2e, 0x30, 0x29, 0x29, 0x2c, 0x20, 0x30, 0x2e, 0x30, 0x2c, 0x20, 0x31, 0x2e,
  0x30, 0x29, 0x3b, 0x20, 0x63, 0x2e, 0x61, 0x20, 0x2a, 0x3d, 0x20, 0x6f, 0x20, 0x2a, 0x20, 0x28,
  0x31, 0x2e, 0x30, 0x20, 0x2d, 0x20, 0x69, 0x29, 0x3b, 0x20, 0x7d, 0x0a, 0x20, 0x20, 0x65, 0x6c,
  0x73, 0x65, 0x20, 0x69, 0x66, 0x20, 0x28, 0x6d, 0x6f, 0x64, 0x65, 0x20, 0x3d, 0x3d, 0x20, 0x33,
  0x29, 0x20, 0x7b, 0x20, 0x63, 0x2e, 0x61, 0x20, 0x2a, 0x3d, 0x20, 0x31, 0x2e, 0x30, 0x20, 0x2d,
  0x20, 0x73, 0x6d, 0x6f, 0x6f, 0x74, 0x68, 0x73, 0x74, 0x65, 0x70, 0x28, 0x30, 0x2e, 0x30, 0x2c,
  0x20, 0x77, 0x2c, 0x20, 0x62, 0x6f, 0x78, 0x28, 0x70, 0x2c, 0x20, 0x68, 0x2c, 0x20, 0x63, 0x6f,
  0x72, 0x6e, 0x65, 0x72, 0x28, 0x70, 0x29, 0x29, 0x29, 0x3b, 0x20, 0x7d, 0x0a, 0x20, 0x20, 0x65,
  0x6c, 0x73, 0x65, 0x20, 0x69, 0x66, 0x20, 0x28, 0x6d, 0x6f, 0x64, 0x65, 0x20, 0x3d, 0x3d, 0x20,
  0x34, 0x29, 0x20, 0x7b, 0x20, 0x63, 0x2e, 0x61, 0x20, 0x2a, 0x3d, 0x20, 0x74, 0x65, 0x78, 0x74,
  0x75, 0x72, 0x65, 0x28, 0x75, 0x5f, 0x74, 0x65, 0x78, 0x74, 0x75, 0x72, 0x65, 0x2c, 0x20, 0x76,
  0x5f, 0x75, 0x76, 0x29, 0x2e, 0x72, 0x3b, 0x20, 0x7d, 0x0a, 0x20, 0x20, 0x65, 0x6c, 0x73, 0x65,
  0x20, 0x69, 0x66, 0x20, 0x28, 0x6d, 0x6f, 0x64, 0x65, 0x20, 0x3d, 0x3d, 0x20, 0x35, 0x29, 0x20,
  0x7b, 0x20, 0x63, 0x20, 0x2a, 0x3d, 0x20, 0x74, 0x65, 0x78, 0x74, 0x75, 0x72, 0x65, 0x28, 0x75,
  0x5f, 0x74, 0x65, 0x78, 0x74, 0x75, 0x72, 0x65, 0x2c, 0x20, 0x76, 0x5f, 0x75, 0x76, 0x29, 0x3b,
  0x20, 0x7d, 0x0a, 0x20, 0x20, 0x69, 0x66, 0x20, 0x28, 0x63, 0x2e, 0x61, 0x20, 0x3c, 0x3d, 0x20,
  0x30, 0x2e, 0x30, 0x29, 0x20, 0x64, 0x69, 0x73, 0x63, 0x61, 0x72, 0x64, 0x3b, 0x0a, 0x20, 0x20,
  0x6f, 0x5f, 0x63, 0x6f, 0x6c, 0x6f, 0x72, 0x20, 0x3d, 0x20, 0x63, 0x3b, 0x0a, 0x7d, 0x0a, 0x23,
  0x65, 0x6e, 0x64, 0x69, 0x66, 0x0a, 0x00,
};
static const char re_ui_fragment_glsl_es[] = {
  0x23, 0x76, 0x65, 0x72, 0x73, 0x69, 0x6f, 0x6e, 0x20, 0x33, 0x32, 0x30, 0x20, 0x65, 0x73, 0x0a,
  0x70, 0x72, 0x65, 0x63, 0x69, 0x73, 0x69, 0x6f, 0x6e, 0x20, 0x68, 0x69, 0x67, 0x68, 0x70, 0x20,
  0x66, 0x6c, 0x6f, 0x61, 0x74, 0x3b, 0x0a, 0x70, 0x72, 0x65, 0x63, 0x69, 0x73, 0x69, 0x6f, 0x6e,
  0x20, 0x68, 0x69, 0x67, 0x68, 0x70, 0x20, 0x69, 0x6e, 0x74, 0x3b, 0x0a, 0x23, 0x64, 0x65, 0x66,
  0x69, 0x6e, 0x65, 0x20, 0x49, 0x4e, 0x28, 0x6c, 0x6f, 0x63, 0x29, 0x20, 0x6c, 0x61, 0x79, 0x6f,
  0x75, 0x74, 0x28, 0x6c, 0x6f, 0x63, 0x61, 0x74, 0x69, 0x6f, 0x6e, 0x20, 0x3d, 0x20, 0x6c, 0x6f,
  0x63, 0x29, 0x20, 0x69, 0x6e, 0x0a, 0x23, 0x64, 0x65, 0x66, 0x69, 0x6e, 0x65, 0x20, 0x4f, 0x55,
  0x54, 0x28, 0x6c, 0x6f, 0x63, 0x29, 0x20, 0x6f, 0x75, 0x74, 0x0a, 0x23, 0x64, 0x65, 0x66, 0x69,
  0x6e, 0x65, 0x20, 0x46, 0x4c, 0x41, 0x54, 0x5f, 0x4f, 0x55, 0x54, 0x28, 0x6c, 0x6f, 0x63, 0x29,
  0x20, 0x66, 0x6c, 0x61, 0x74, 0x20, 0x6f, 0x75, 0x74, 0x0a, 0x23, 0x64, 0x65, 0x66, 0x69, 0x6e,
  0x65, 0x20, 0x49, 0x4e, 0x5f, 0x46, 0x28, 0x6c, 0x6f, 0x63, 0x29, 0x20, 0x69, 0x6e, 0x0a, 0x23,
  0x64, 0x65, 0x66, 0x69, 0x6e, 0x65, 0x20, 0x46, 0x4c, 0x41, 0x54, 0x5f, 0x49, 0x4e, 0x28, 0x6c,
  0x6f, 0x63, 0x29, 0x20, 0x66, 0x6c, 0x61, 0x74, 0x20, 0x69, 0x6e, 0x0a, 0x23, 0x64, 0x65, 0x66,
  0x69, 0x6e, 0x65, 0x20, 0x4f, 0x55, 0x54, 0x5f, 0x43, 0x4f, 0x4c, 0x4f, 0x52, 0x20, 0x6f, 0x75,
  0x74, 0x20, 0x76, 0x65, 0x63, 0x34, 0x20, 0x6f, 0x5f, 0x63, 0x6f, 0x6c, 0x6f, 0x72, 0x3b, 0x0a,
  0x23, 0x64, 0x65, 0x66, 0x69, 0x6e, 0x65, 0x20, 0x4e, 0x44, 0x43, 0x5f, 0x59, 0x28, 0x74, 0x29,
  0x20, 0x28, 0x31, 0x2e, 0x30, 0x20, 0x2d, 0x20, 0x28, 0x74, 0x29, 0x20, 0x2a, 0x20, 0x32, 0x2e,
  0x30, 0x29, 0x0a, 0x2f, 0x2f, 0x20, 0x54, 0x68, 0x65, 0x20, 0x64, 0x72, 0x61, 0x77, 0x20, 0x6c,
  0x69, 0x73, 0x74, 0x27, 0x73, 0x20, 0x6f, 0x6e, 0x65, 0x20, 0x73, 0x68, 0x61, 0x64, 0x65, 0x72,
  0x2c, 0x20, 0x69, 0x6e, 0x20, 0x6f, 0x6e, 0x65, 0x20, 0x73, 0x6f, 0x75, 0x72, 0x63, 0x65, 0x20,
  0x28, 0x73, 0x70, 0x65, 0x63, 0x20, 0x31, 0x32, 0x34, 0x2c, 0x20, 0x46, 0x31, 0x33, 0x33, 0x29,
  0x2e, 0x0a, 0x2f, 0x2f, 0x0a, 0x2f, 0x2f, 0x20, 0x49, 0x74, 0x20, 0x75, 0x73, 0x65, 0x64, 0x20,
  0x74, 0x6f, 0x20, 0x65, 0x78, 0x69, 0x73, 0x74, 0x20, 0x74, 0x68, 0x72, 0x65, 0x65, 0x20, 0x74,
  0x69, 0x6d, 0x65, 0x73, 0x3a, 0x20, 0x69, 0x6e, 0x6c, 0x69, 0x6e, 0x65, 0x20, 0x47, 0x4c, 0x53,
  0x4c, 0x20, 0x69, 0x6e, 0x20, 0x62, 0x61, 0x63, 0x6b, 0x65, 0x6e, 0x64, 0x5f, 0x67, 0x6c, 0x2e,
  0x63, 0x2c, 0x20, 0x74, 0x68, 0x69, 0x73, 0x20, 0x64, 0x69, 0x72, 0x65, 0x63, 0x74, 0x6f, 0x72,
  0x79, 0x27, 0x73, 0x20, 0x75, 0x69, 0x2e, 0x76, 0x65, 0x72, 0x74, 0x2f, 0x75, 0x69, 0x2e, 0x66,
  0x72, 0x61, 0x67, 0x20, 0x66, 0x6f, 0x72, 0x0a, 0x2f, 0x2f, 0x20, 0x74, 0x68, 0x65, 0x20, 0x56,
  0x75, 0x6c, 0x6b, 0x61, 0x6e, 0x20, 0x61, 0x64, 0x61, 0x70, 0x74, 0x65, 0x72, 0x2c, 0x20, 0x61,
  0x6e, 0x64, 0x20, 0x69, 0x6e, 0x6c, 0x69, 0x6e, 0x65, 0x20, 0x4d, 0x53, 0x4c, 0x20, 0x69, 0x6e,
  0x20, 0x62, 0x61, 0x63, 0x6b, 0x65, 0x6e, 0x64, 0x5f, 0x6d, 0x65, 0x74, 0x61, 0x6c, 0x2e, 0x6d,
  0x2e, 0x20, 0x54, 0x68, 0x65, 0x20, 0x73, 0x69, 0x67, 0x6e, 0x65, 0x64, 0x2d, 0x64, 0x69, 0x73,
  0x74, 0x61, 0x6e, 0x63, 0x65, 0x20, 0x6d, 0x61, 0x74, 0x68, 0x73, 0x20, 0x61, 0x67, 0x72, 0x65,
  0x65, 0x64, 0x2c, 0x20, 0x62, 0x65, 0x63, 0x61, 0x75, 0x73, 0x65, 0x0a, 0x2f, 0x2f, 0x20, 0x73,
  0x6f, 0x6d, 0x65, 0x6f, 0x6e, 0x65, 0x20, 0x6b, 0x65, 0x70, 0x74, 0x20, 0x69, 0x74, 0x20, 0x61,
  0x67, 0x72, 0x65, 0x65, 0x69, 0x6e, 0x67, 0x3b, 0x20, 0x74, 0x68, 0x65, 0x20, 0x49, 0x4e, 0x54,
  0x45, 0x52, 0x46, 0x41, 0x43, 0x45, 0x53, 0x20, 0x64, 0x69, 0x64, 0x20, 0x6e, 0x6f, 0x74, 0x20,
  0xe2, 0x80, 0x94, 0x20, 0x74, 0x68, 0x65, 0x20, 0x56, 0x75, 0x6c, 0x6b, 0x61, 0x6e, 0x20, 0x63,
  0x6f, 0x70, 0x79, 0x20, 0x6e, 0x75, 0x6d, 0x62, 0x65, 0x72, 0x65, 0x64, 0x20, 0x69, 0x74, 0x73,
  0x20, 0x61, 0x74, 0x74, 0x72, 0x69, 0x62, 0x75, 0x74, 0x65, 0x73, 0x0a, 0x2f, 0x2f, 0x20, 0x73,
  0x68, 0x61, 0x70, 0x65, 0x2c, 0x20, 0x72, 0x61, 0x64, 0x69, 0x69, 0x2c, 0x20, 0x70, 0x6f, 0x73,
  0x2c, 0x20, 0x75, 0x76, 0x2c, 0x20, 0x65, 0x78, 0x74, 0x72, 0x61, 0x2c, 0x20, 0x63, 0x6f, 0x6c,
  0x6f, 0x72, 0x20, 0x77, 0x68, 0x69, 0x6c, 0x65, 0x20, 0x74, 0x68, 0x65, 0x20, 0x4f, 0x70, 0x65,
  0x6e, 0x47, 0x4c, 0x20, 0x63, 0x6f, 0x70, 0x79, 0x20, 0x6e, 0x75, 0x6d, 0x62, 0x65, 0x72, 0x65,
  0x64, 0x20, 0x74, 0x68, 0x65, 0x6d, 0x20, 0x70, 0x6f, 0x73, 0x2c, 0x20, 0x75, 0x76, 0x2c, 0x20,
  0x63, 0x6f, 0x6c, 0x6f, 0x72, 0x2c, 0x20, 0x73, 0x68, 0x61, 0x70, 0x65, 0x2c, 0x0a, 0x2f, 0x2f,
  0x20, 0x72, 0x61, 0x64, 0x69, 0x69, 0x2c, 0x20, 0x65, 0x78, 0x74, 0x72, 0x61, 0x2c, 0x20, 0x61,
  0x6e, 0x64, 0x20, 0x74, 0x68, 0x65, 0x20, 0x74, 0x77, 0x6f, 0x20, 0x65, 0x6d, 0x69, 0x74, 0x74,
  0x65, 0x64, 0x20, 0x6f, 0x70, 0x70, 0x6f, 0x73, 0x69, 0x74, 0x65, 0x20, 0x59, 0x2e, 0x20, 0x54,
  0x68, 0x72, 0x65, 0x65, 0x20, 0x64, 0x69, 0x61, 0x6c, 0x65, 0x63, 0x74, 0x73, 0x20, 0x6f, 0x66,
  0x20, 0x6f, 0x6e, 0x65, 0x20, 0x73, 0x68, 0x61, 0x64, 0x65, 0x72, 0x20, 0x69, 0x73, 0x20, 0x61,
  0x20, 0x64, 0x72, 0x69, 0x66, 0x74, 0x20, 0x72, 0x69, 0x73, 0x6b, 0x3b, 0x20, 0x74, 0x68, 0x72,
  0x65, 0x65, 0x0a, 0x2f, 0x2f, 0x20, 0x64, 0x69, 0x61, 0x6c, 0x65, 0x63, 0x74, 0x73, 0x20, 0x74,
  0x68, 0x61, 0x74, 0x20, 0x61, 0x6c, 0x72, 0x65, 0x61, 0x64, 0x79, 0x20, 0x64, 0x69, 0x73, 0x61,
  0x67, 0x72, 0x65, 0x65, 0x64, 0x20, 0x61, 0x62, 0x6f, 0x75, 0x74, 0x20, 0x74, 0x68, 0x65, 0x69,
  0x72, 0x20, 0x6f, 0x77, 0x6e, 0x20, 0x76, 0x65, 0x72, 0x74, 0x65, 0x78, 0x20, 0x6c, 0x61, 0x79,
  0x6f, 0x75, 0x74, 0x20, 0x69, 0x73, 0x20, 0x74, 0x68, 0x65, 0x20, 0x64, 0x72, 0x69, 0x66, 0x74,
  0x2e, 0x0a, 0x2f, 0x2f, 0x0a, 0x2f, 0x2f, 0x20, 0x4f, 0x6e, 0x65, 0x20, 0x6c, 0x61, 0x79, 0x6f,
  0x75, 0x74, 0x20, 0x6e, 0x6f, 0x77, 0x2c, 0x20, 0x61, 0x6e, 0x64, 0x20, 0x6f, 0x6e, 0x65, 0x20,
  0x59, 0x2e, 0x20, 0x54, 0x68, 0x65, 0x20, 0x73, 0x65, 0x61, 0x6d, 0x27, 0x73, 0x20, 0x62, 0x61,
  0x63, 0x6b, 0x65, 0x6e, 0x64, 0x73, 0x20, 0x73, 0x74, 0x6f, 0x72, 0x65, 0x20, 0x4e, 0x44, 0x43,
  0x20, 0x2d, 0x31, 0x20, 0x69, 0x6e, 0x20, 0x72, 0x6f, 0x77, 0x20, 0x30, 0x20, 0x6f, 0x6e, 0x20,
  0x65, 0x76, 0x65, 0x72, 0x79, 0x20, 0x41, 0x50, 0x49, 0x20, 0x28, 0x73, 0x65, 0x65, 0x20, 0x74,
  0x68, 0x65, 0x20, 0x6c, 0x6f, 0x6e, 0x67, 0x0a, 0x2f, 0x2f, 0x20, 0x6e, 0x6f, 0x74, 0x65, 0x20,
  0x69, 0x6e, 0x20, 0x67, 0x70, 0x75, 0x5f, 0x73, 0x65, 0x61, 0x6d, 0x5f, 0x76, 0x6b, 0x2e, 0x63,
  0x29, 0x2c, 0x20, 0x73, 0x6f, 0x20, 0x74, 0x68, 0x65, 0x20, 0x4f, 0x70, 0x65, 0x6e, 0x47, 0x4c,
  0x20, 0x66, 0x6f, 0x72, 0x6d, 0x75, 0x6c, 0x61, 0x20, 0x69, 0x73, 0x20, 0x74, 0x68, 0x65, 0x20,
  0x66, 0x6f, 0x72, 0x6d, 0x75, 0x6c, 0x61, 0x20, 0x65, 0x76, 0x65, 0x72, 0x79, 0x77, 0x68, 0x65,
  0x72, 0x65, 0x3a, 0x20, 0x6c, 0x6f, 0x67, 0x69, 0x63, 0x61, 0x6c, 0x20, 0x79, 0x20, 0x63, 0x6f,
  0x75, 0x6e, 0x74, 0x73, 0x20, 0x64, 0x6f, 0x77, 0x6e, 0x0a, 0x2f, 0x2f, 0x20, 0x66, 0x72, 0x6f,
  0x6d, 0x20, 0x74, 0x68, 0x65, 0x20, 0x74, 0x6f, 0x70, 0x20, 0x6f, 0x66, 0x20, 0x74, 0x68, 0x65,
  0x20, 0x77, 0x69, 0x6e, 0x64, 0x6f, 0x77, 0x2c, 0x20, 0x61, 0x6e, 0x64, 0x20, 0x31, 0x2e, 0x30,
  0x20, 0x2d, 0x20, 0x79, 0x2f, 0x68, 0x2a, 0x32, 0x20, 0x70, 0x75, 0x74, 0x73, 0x20, 0x69, 0x74,
  0x20, 0x77, 0x68, 0x65, 0x72, 0x65, 0x20, 0x65, 0x76, 0x65, 0x72, 0x79, 0x20, 0x62, 0x61, 0x63,
  0x6b, 0x65, 0x6e, 0x64, 0x20, 0x61, 0x67, 0x72, 0x65, 0x65, 0x73, 0x20, 0x69, 0x74, 0x20, 0x67,
  0x6f, 0x65, 0x73, 0x2e, 0x0a, 0x2f, 0x2f, 0x0a, 0x2f, 0x2f, 0x20, 0x4d, 0x6f, 0x64, 0x65, 0x73,
  0x3a, 0x20, 0x30, 0x20, 0x73, 0x6f, 0x6c, 0x69, 0x64, 0x2c, 0x20, 0x31, 0x20, 0x72, 0x6f, 0x75,
  0x6e, 0x64, 0x65, 0x64, 0x20, 0x66, 0x69, 0x6c, 0x6c, 0x2c, 0x20, 0x32, 0x20, 0x72, 0x69, 0x6e,
  0x67, 0x2c, 0x20, 0x33, 0x20, 0x73, 0x68, 0x61, 0x64, 0x6f, 0x77, 0x2c, 0x20, 0x34, 0x20, 0x63,
  0x6f, 0x76, 0x65, 0x72, 0x61, 0x67, 0x65, 0x20, 0x61, 0x74, 0x6c, 0x61, 0x73, 0x2c, 0x20, 0x35,
  0x20, 0x52, 0x47, 0x42, 0x41, 0x20, 0x74, 0x65, 0x78, 0x74, 0x75, 0x72, 0x65, 0x2e, 0x0a, 0x0a,
  0x75, 0x6e, 0x69, 0x66, 0x6f, 0x72, 0x6d, 0x20, 0x76, 0x65, 0x63, 0x34, 0x20, 0x75, 0x5f, 0x73,
  0x69, 0x7a, 0x65, 0x3b, 0x0a, 0x75, 0x6e, 0x69, 0x66, 0x6f, 0x72, 0x6d, 0x20, 0x73, 0x61, 0x6d,
  0x70, 0x6c, 0x65, 0x72, 0x32, 0x44, 0x20, 0x75, 0x5f, 0x74, 0x65, 0x78, 0x74, 0x75, 0x72, 0x65,
  0x3b, 0x0a, 0x0a, 0x23, 0x69, 0x66, 0x64, 0x65, 0x66, 0x20, 0x56, 0x45, 0x52, 0x54, 0x45, 0x58,
  0x0a, 0x49, 0x4e, 0x28, 0x30, 0x29, 0x20, 0x76, 0x65, 0x63, 0x32, 0x20, 0x61, 0x5f, 0x70, 0x6f,
  0x73, 0x3b, 0x0a, 0x49, 0x4e, 0x28, 0x31, 0x29, 0x20, 0x76, 0x65, 0x63, 0x32, 0x20, 0x61, 0x5f,
  0x75, 0x76, 0x3b, 0x0a, 0x49, 0x4e, 0x28, 0x32, 0x29, 0x20, 0x76, 0x65, 0x63, 0x34, 0x20, 0x61,
  0x5f, 0x63, 0x6f, 0x6c, 0x6f, 0x72, 0x3b, 0x0a, 0x49, 0x4e, 0x28, 0x33, 0x29, 0x20, 0x76, 0x65,
  0x63, 0x34, 0x20, 0x61, 0x5f, 0x73, 0x68, 0x61, 0x70, 0x65, 0x3b, 0x0a, 0x49, 0x4e, 0x28, 0x34,
  0x29, 0x20, 0x76, 0x65, 0x63, 0x34, 0x20, 0x61, 0x5f, 0x72, 0x61, 0x64, 0x69, 0x69, 0x3b, 0x0a,
  0x49, 0x4e, 0x28, 0x35, 0x29, 0x20, 0x76, 0x65, 0x63, 0x32, 0x20, 0x61, 0x5f, 0x65, 0x78, 0x74,
  0x72, 0x61, 0x3b, 0x0a, 0x4f, 0x55, 0x54, 0x28, 0x30, 0x29, 0x20, 0x76, 0x65, 0x63, 0x32, 0x20,
  0x76, 0x5f, 0x70, 0x6f, 0x73, 0x3b, 0x0a, 0x4f, 0x55, 0x54, 0x28, 0x31, 0x29, 0x20, 0x76, 0x65,
  0x63, 0x32, 0x20, 0x76, 0x5f, 0x75, 0x76, 0x3b, 0x0a, 0x4f, 0x55, 0x54, 0x28, 0x32, 0x29, 0x20,
  0x76, 0x65, 0x63, 0x34, 0x20, 0x76, 0x5f, 0x63, 0x6f, 0x6c, 0x6f, 0x72, 0x3b, 0x0a, 0x46, 0x4c,
  0x41, 0x54, 0x5f, 0x4f, 0x55, 0x54, 0x28, 0x33, 0x29, 0x20, 0x76, 0x65, 0x63, 0x34, 0x20, 0x76,
  0x5f, 0x73, 0x68, 0x61, 0x70, 0x65, 0x3b, 0x0a, 0x46, 0x4c, 0x41, 0x54, 0x5f, 0x4f, 0x55, 0x54,
  0x28, 0x34, 0x29, 0x20, 0x76, 0x65, 0x63, 0x34, 0x20, 0x76, 0x5f, 0x72, 0x61, 0x64, 0x69, 0x69,
  0x3b, 0x0a, 0x46, 0x4c, 0x41, 0x54, 0x5f, 0x4f, 0x55, 0x54, 0x28, 0x35, 0x29, 0x20, 0x76, 0x65,
  0x63, 0x32, 0x20, 0x76, 0x5f, 0x65, 0x78, 0x74, 0x72, 0x61, 0x3b, 0x0a, 0x76, 0x6f, 0x69, 0x64,
  0x20, 0x6d, 0x61, 0x69, 0x6e, 0x28, 0x29, 0x20, 0x7b, 0x0a, 0x20, 0x20, 0x76, 0x5f, 0x70, 0x6f,
  0x73, 0x20, 0x3d, 0x20, 0x61, 0x5f, 0x70, 0x6f, 0x73, 0x3b, 0x20, 0x76, 0x5f, 0x75, 0x76, 0x20,
  0x3d, 0x20, 0x61, 0x5f, 0x75, 0x76, 0x3b, 0x20, 0x76, 0x5f, 0x63, 0x6f, 0x6c, 0x6f, 0x72, 0x20,
  0x3d, 0x20, 0x61, 0x5f, 0x63, 0x6f, 0x6c, 0x6f, 0x72, 0x3b, 0x0a, 0x20, 0x20, 0x76, 0x5f, 0x73,
  0x68, 0x61, 0x70, 0x65, 0x20, 0x3d, 0x20, 0x61, 0x5f, 0x73, 0x68, 0x61, 0x70, 0x65, 0x3b, 0x20,
  0x76, 0x5f, 0x72, 0x61, 0x64, 0x69, 0x69, 0x20, 0x3d, 0x20, 0x61, 0x5f, 0x72, 0x61, 0x64, 0x69,
  0x69, 0x3b, 0x20, 0x76, 0x5f, 0x65, 0x78, 0x74, 0x72, 0x61, 0x20, 0x3d, 0x20, 0x61, 0x5f, 0x65,
  0x78, 0x74, 0x72, 0x61, 0x3b, 0x0a, 0x20, 0x20, 0x67, 0x6c, 0x5f, 0x50, 0x6f, 0x73, 0x69, 0x74,
  0x69, 0x6f, 0x6e, 0x20, 0x3d, 0x20, 0x76, 0x65, 0x63, 0x34, 0x28, 0x61, 0x5f, 0x70, 0x6f, 0x73,
  0x2e, 0x78, 0x20, 0x2f, 0x20, 0x75, 0x5f, 0x73, 0x69, 0x7a, 0x65, 0x2e, 0x78, 0x20, 0x2a, 0x20,
  0x32, 0x2e, 0x30, 0x20, 0x2d, 0x20, 0x31, 0x2e, 0x30, 0x2c, 0x20, 0x4e, 0x44, 0x43, 0x5f, 0x59,
  0x28, 0x61, 0x5f, 0x70, 0x6f, 0x73, 0x2e, 0x79, 0x20, 0x2f, 0x20, 0x75, 0x5f, 0x73, 0x69, 0x7a,
  0x65, 0x2e, 0x79, 0x29, 0x2c, 0x20, 0x30, 0x2e, 0x30, 0x2c, 0x20, 0x31, 0x2e, 0x30, 0x29, 0x3b,
  0x0a, 0x7d, 0x0a, 0x23, 0x65, 0x6c, 0x73, 0x65, 0x0a, 0x49, 0x4e, 0x5f, 0x46, 0x28, 0x30, 0x29,
  0x20, 0x76, 0x65, 0x63, 0x32, 0x20, 0x76, 0x5f, 0x70, 0x6f, 0x73, 0x3b, 0x0a, 0x49, 0x4e, 0x5f,
  0x46, 0x28, 0x31, 0x29, 0x20, 0x76, 0x65, 0x63, 0x32, 0x20, 0x76, 0x5f, 0x75, 0x76, 0x3b, 0x0a,
  0x49, 0x4e, 0x5f, 0x46, 0x28, 0x32, 0x29, 0x20, 0x76, 0x65, 0x63, 0x34, 0x20, 0x76, 0x5f, 0x63,
  0x6f, 0x6c, 0x6f, 0x72, 0x3b, 0x0a, 0x46, 0x4c, 0x41, 0x54, 0x5f, 0x49, 0x4e, 0x28, 0x33, 0x29,
  0x20, 0x76, 0x65, 0x63, 0x34, 0x20, 0x76, 0x5f, 0x73, 0x68, 0x61, 0x70, 0x65, 0x3b, 0x0a, 0x46,
  0x4c, 0x41, 0x54, 0x5f, 0x49, 0x4e, 0x28, 0x34, 0x29, 0x20, 0x76, 0x65, 0x63, 0x34, 0x20, 0x76,
  0x5f, 0x72, 0x61, 0x64, 0x69, 0x69, 0x3b, 0x0a, 0x46, 0x4c, 0x41, 0x54, 0x5f, 0x49, 0x4e, 0x28,
  0x35, 0x29, 0x20, 0x76, 0x65, 0x63, 0x32, 0x20, 0x76, 0x5f, 0x65, 0x78, 0x74, 0x72, 0x61, 0x3b,
  0x0a, 0x4f, 0x55, 0x54, 0x5f, 0x43, 0x4f, 0x4c, 0x4f, 0x52, 0x0a, 0x66, 0x6c, 0x6f, 0x61, 0x74,
  0x20, 0x62, 0x6f, 0x78, 0x28, 0x76, 0x65, 0x63, 0x32, 0x20, 0x70, 0x2c, 0x20, 0x76, 0x65, 0x63,
  0x32, 0x20, 0x68, 0x2c, 0x20, 0x66, 0x6c, 0x6f, 0x61, 0x74, 0x20, 0x72, 0x29, 0x20, 0x7b, 0x20,
  0x76, 0x65, 0x63, 0x32, 0x20, 0x71, 0x20, 0x3d, 0x20, 0x61, 0x62, 0x73, 0x28, 0x70, 0x29, 0x20,
  0x2d, 0x20, 0x28, 0x68, 0x20, 0x2d, 0x20, 0x76, 0x65, 0x63, 0x32, 0x28, 0x72, 0x29, 0x29, 0x3b,
  0x20, 0x72, 0x65, 0x74, 0x75, 0x72, 0x6e, 0x20, 0x6c, 0x65, 0x6e, 0x67, 0x74, 0x68, 0x28, 0x6d,
  0x61, 0x78, 0x28, 0x71, 0x2c, 0x20, 0x30, 0x2e, 0x30, 0x29, 0x29, 0x20, 0x2b, 0x20, 0x6d, 0x69,
  0x6e, 0x28, 0x6d, 0x61, 0x78, 0x28, 0x71, 0x2e, 0x78, 0x2c, 0x20, 0x71, 0x2e, 0x79, 0x29, 0x2c,
  0x20, 0x30, 0x2e, 0x30, 0x29, 0x20, 0x2d, 0x20, 0x72, 0x3b, 0x20, 0x7d, 0x0a, 0x66, 0x6c, 0x6f,
  0x61, 0x74, 0x20, 0x63, 0x6f, 0x72, 0x6e, 0x65, 0x72, 0x28, 0x76, 0x65, 0x63, 0x32, 0x20, 0x70,
  0x29, 0x20, 0x7b, 0x20, 0x72, 0x65, 0x74, 0x75, 0x72, 0x6e, 0x20, 0x70, 0x2e, 0x78, 0x20, 0x3c,
  0x20, 0x30, 0x2e, 0x30, 0x20, 0x3f, 0x20, 0x28, 0x70, 0x2e, 0x79, 0x20, 0x3c, 0x20, 0x30, 0x2e,
  0x30, 0x20, 0x3f, 0x20, 0x76, 0x5f, 0x72, 0x61, 0x64, 0x69, 0x69, 0x2e, 0x78, 0x20, 0x3a, 0x20,
  0x76, 0x5f, 0x72, 0x61, 0x64, 0x69, 0x69, 0x2e, 0x77, 0x29, 0x20, 0x3a, 0x20, 0x28, 0x70, 0x2e,
  0x79, 0x20, 0x3c, 0x20, 0x30, 0x2e, 0x30, 0x20, 0x3f, 0x20, 0x76, 0x5f, 0x72, 0x61, 0x64, 0x69,
  0x69, 0x2e, 0x79, 0x20, 0x3a, 0x20, 0x76, 0x5f, 0x72, 0x61, 0x64, 0x69, 0x69, 0x2e, 0x7a, 0x29,
  0x3b, 0x20, 0x7d, 0x0a, 0x76, 0x6f, 0x69, 0x64, 0x20, 0x6d, 0x61, 0x69, 0x6e, 0x28, 0x29, 0x20,
  0x7b, 0x0a, 0x20, 0x20, 0x69, 0x6e, 0x74, 0x20, 0x6d, 0x6f, 0x64, 0x65, 0x20, 0x3d, 0x20, 0x69,
  0x6e, 0x74, 0x28, 0x76, 0x5f, 0x65, 0x78, 0x74, 0x72, 0x61, 0x2e, 0x79, 0x20, 0x2b, 0x20, 0x30,
  0x2e, 0x35, 0x29, 0x3b, 0x20, 0x76, 0x65, 0x63, 0x34, 0x20, 0x63, 0x20, 0x3d, 0x20, 0x76, 0x5f,
  0x63, 0x6f, 0x6c, 0x6f, 0x72, 0x3b, 0x20, 0x76, 0x65, 0x63, 0x32, 0x20, 0x70, 0x20, 0x3d, 0x20,
  0x76, 0x5f, 0x70, 0x6f, 0x73, 0x20, 0x2d, 0x20, 0x76, 0x5f, 0x73, 0x68, 0x61, 0x70, 0x65, 0x2e,
  0x78, 0x79, 0x3b, 0x20, 0x76, 0x65, 0x63, 0x32, 0x20, 0x68, 0x20, 0x3d, 0x20, 0x76, 0x5f, 0x73,
  0x68, 0x61, 0x70, 0x65, 0x2e, 0x7a, 0x77, 0x3b, 0x20, 0x66, 0x6c, 0x6f, 0x61, 0x74, 0x20, 0x77,
  0x20, 0x3d, 0x20, 0x76, 0x5f, 0x65, 0x78, 0x74, 0x72, 0x61, 0x2e, 0x78, 0x3b, 0x0a, 0x20, 0x20,
  0x69, 0x66, 0x20, 0x28, 0x6d, 0x6f, 0x64, 0x65, 0x20, 0x3d, 0x3d, 0x20, 0x31, 0x29, 0x20, 0x7b,
  0x20, 0x63, 0x2e, 0x61, 0x20, 0x2a, 0x3d, 0x20, 0x63, 0x6c, 0x61, 0x6d, 0x70, 0x28, 0x30, 0x2e,
  0x35, 0x20, 0x2d, 0x20, 0x62, 0x6f, 0x78, 0x28, 0x70, 0x2c, 0x20, 0x68, 0x2c, 0x20, 0x63, 0x6f,
  0x72, 0x6e, 0x65, 0x72, 0x28, 0x70, 0x29, 0x29, 0x2c, 0x20, 0x30, 0x2e, 0x30, 0x2c, 0x20, 0x31,
  0x2e, 0x30, 0x29, 0x3b, 0x20, 0x7d, 0x0a, 0x20, 0x20, 0x65, 0x6c, 0x73, 0x65, 0x20, 0x69, 0x66,
  0x20, 0x28, 0x6d, 0x6f, 0x64, 0x65, 0x20, 0x3d, 0x3d, 0x20, 0x32, 0x29, 0x20, 0x7b, 0x20, 0x66,
  0x6c, 0x6f, 0x61, 0x74, 0x20, 0x72, 0x20, 0x3d, 0x20, 0x63, 0x6f, 0x72, 0x6e, 0x65, 0x72, 0x28,
  0x70, 0x29, 0x3b, 0x20, 0x66, 0x6c, 0x6f, 0x61, 0x74, 0x20, 0x6f, 0x20, 0x3d, 0x20, 0x63, 0x6c,
  0x61, 0x6d, 0x70, 0x28, 0x30, 0x2e, 0x35, 0x20, 0x2d, 0x20, 0x62, 0x6f, 0x78, 0x28, 0x70, 0x2c,
  0x20, 0x68, 0x2c, 0x20, 0x72, 0x29, 0x2c, 0x20, 0x30, 0x2e, 0x30, 0x2c, 0x20, 0x31, 0x2e, 0x30,
  0x29, 0x3b, 0x0a, 0x20, 0x20, 0x20, 0x20, 0x66, 0x6c, 0x6f, 0x61, 0x74, 0x20, 0x69, 0x20, 0x3d,
  0x20, 0x63, 0x6c, 0x61, 0x6d, 0x70, 0x28, 0x30, 0x2e, 0x35, 0x20, 0x2d, 0x20, 0x62, 0x6f, 0x78,
  0x28, 0x70, 0x2c, 0x20, 0x68, 0x20, 0x2d, 0x20, 0x76, 0x65, 0x63, 0x32, 0x28, 0x77, 0x29, 0x2c,
  0x20, 0x6d, 0x61, 0x78, 0x28, 0x72, 0x20, 0x2d, 0x20, 0x77, 0x2c, 0x20, 0x30, 0x2e, 0x30, 0x29,
  0x29, 0x2c, 0x20, 0x30, 0x2e, 0x30, 0x2c, 0x20, 0x31, 0x2e, 0x30, 0x29, 0x3b, 0x20, 0x63, 0x2e,
  0x61, 0x20, 0x2a, 0x3d, 0x20, 0x6f, 0x20, 0x2a, 0x20, 0x28, 0x31, 0x2e, 0x30, 0x20, 0x2d, 0x20,
  0x69, 0x29, 0x3b, 0x20, 0x7d, 0x0a, 0x20, 0x20, 0x65, 0x6c, 0x73, 0x65, 0x20, 0x69, 0x66, 0x20,
  0x28, 0x6d, 0x6f, 0x64, 0x65, 0x20, 0x3d, 0x3d, 0x20, 0x33, 0x29, 0x20, 0x7b, 0x20, 0x63, 0x2e,
  0x61, 0x20, 0x2a, 0x3d, 0x20, 0x31, 0x2e, 0x30, 0x20, 0x2d, 0x20, 0x73, 0x6d, 0x6f, 0x6f, 0x74,
  0x68, 0x73, 0x74, 0x65, 0x70, 0x28, 0x30, 0x2e, 0x30, 0x2c, 0x20, 0x77, 0x2c, 0x20, 0x62, 0x6f,
  0x78, 0x28, 0x70, 0x2c, 0x20, 0x68, 0x2c, 0x20, 0x63, 0x6f, 0x72, 0x6e, 0x65, 0x72, 0x28, 0x70,
  0x29, 0x29, 0x29, 0x3b, 0x20, 0x7d, 0x0a, 0x20, 0x20, 0x65, 0x6c, 0x73, 0x65, 0x20, 0x69, 0x66,
  0x20, 0x28, 0x6d, 0x6f, 0x64, 0x65, 0x20, 0x3d, 0x3d, 0x20, 0x34, 0x29, 0x20, 0x7b, 0x20, 0x63,
  0x2e, 0x61, 0x20, 0x2a, 0x3d, 0x20, 0x74, 0x65, 0x78, 0x74, 0x75, 0x72, 0x65, 0x28, 0x75, 0x5f,
  0x74, 0x65, 0x78, 0x74, 0x75, 0x72, 0x65, 0x2c, 0x20, 0x76, 0x5f, 0x75, 0x76, 0x29, 0x2e, 0x72,
  0x3b, 0x20, 0x7d, 0x0a, 0x20, 0x20, 0x65, 0x6c, 0x73, 0x65, 0x20, 0x69, 0x66, 0x20, 0x28, 0x6d,
  0x6f, 0x64, 0x65, 0x20, 0x3d, 0x3d, 0x20, 0x35, 0x29, 0x20, 0x7b, 0x20, 0x63, 0x20, 0x2a, 0x3d,
  0x20, 0x74, 0x65, 0x78, 0x74, 0x75, 0x72, 0x65, 0x28, 0x75, 0x5f, 0x74, 0x65, 0x78, 0x74, 0x75,
  0x72, 0x65, 0x2c, 0x20, 0x76, 0x5f, 0x75, 0x76, 0x29, 0x3b, 0x20, 0x7d, 0x0a, 0x20, 0x20, 0x69,
  0x66, 0x20, 0x28, 0x63, 0x2e, 0x61, 0x20, 0x3c, 0x3d, 0x20, 0x30, 0x2e, 0x30, 0x29, 0x20, 0x64,
  0x69, 0x73, 0x63, 0x61, 0x72, 0x64, 0x3b, 0x0a, 0x20, 0x20, 0x6f, 0x5f, 0x63, 0x6f, 0x6c, 0x6f,
  0x72, 0x20, 0x3d, 0x20, 0x63, 0x3b, 0x0a, 0x7d, 0x0a, 0x23, 0x65, 0x6e, 0x64, 0x69, 0x66, 0x0a,
  0x00,
};
static const char re_ui_fragment_msl[] = {
  0x23, 0x69, 0x6e, 0x63, 0x6c, 0x75, 0x64, 0x65, 0x20, 0x3c, 0x6d, 0x65, 0x74, 0x61, 0x6c, 0x5f,
  0x73, 0x74, 0x64, 0x6c, 0x69, 0x62, 0x3e, 0x0a, 0x23, 0x69, 0x6e, 0x63, 0x6c, 0x75, 0x64, 0x65,
  0x20, 0x3c, 0x73, 0x69, 0x6d, 0x64, 0x2f, 0x73, 0x69, 0x6d, 0x64, 0x2e, 0x68, 0x3e, 0x0a, 0x0a,
  0x75, 0x73, 0x69, 0x6e, 0x67, 0x20, 0x6e, 0x61, 0x6d, 0x65, 0x73, 0x70, 0x61, 0x63, 0x65, 0x20,
  0x6d, 0x65, 0x74, 0x61, 0x6c, 0x3b, 0x0a, 0x0a, 0x73, 0x74, 0x72, 0x75, 0x63, 0x74, 0x20, 0x6d,
  0x61, 0x69, 0x6e, 0x30, 0x5f, 0x6f, 0x75, 0x74, 0x0a, 0x7b, 0x0a, 0x20, 0x20, 0x20, 0x20, 0x66,
  0x6c, 0x6f, 0x61, 0x74, 0x34, 0x20, 0x6f, 0x5f, 0x63, 0x6f, 0x6c, 0x6f, 0x72, 0x20, 0x5b, 0x5b,
  0x63, 0x6f, 0x6c, 0x6f, 0x72, 0x28, 0x30, 0x29, 0x5d, 0x5d, 0x3b, 0x0a, 0x7d, 0x3b, 0x0a, 0x0a,
  0x73, 0x74, 0x72, 0x75, 0x63, 0x74, 0x20, 0x6d, 0x61, 0x69, 0x6e, 0x30, 0x5f, 0x69, 0x6e, 0x0a,
  0x7b, 0x0a, 0x20, 0x20, 0x20, 0x20, 0x66, 0x6c, 0x6f, 0x61, 0x74, 0x32, 0x20, 0x76, 0x5f, 0x70,
  0x6f, 0x73, 0x20, 0x5b, 0x5b, 0x75, 0x73, 0x65, 0x72, 0x28, 0x6c, 0x6f, 0x63, 0x6e, 0x30, 0x29,
  0x5d, 0x5d, 0x3b, 0x0a, 0x20, 0x20, 0x20, 0x20, 0x66, 0x6c, 0x6f, 0x61, 0x74, 0x32, 0x20, 0x76,
  0x5f, 0x75, 0x76, 0x20, 0x5b, 0x5b, 0x75, 0x73, 0x65, 0x72, 0x28, 0x6c, 0x6f, 0x63, 0x6e, 0x31,
  0x29, 0x5d, 0x5d, 0x3b, 0x0a, 0x20, 0x20, 0x20, 0x20, 0x66, 0x6c, 0x6f, 0x61, 0x74, 0x34, 0x20,
  0x76, 0x5f, 0x63, 0x6f, 0x6c, 0x6f, 0x72, 0x20, 0x5b, 0x5b, 0x75, 0x73, 0x65, 0x72, 0x28, 0x6c,
  0x6f, 0x63, 0x6e, 0x32, 0x29, 0x5d, 0x5d, 0x3b, 0x0a, 0x20, 0x20, 0x20, 0x20, 0x66, 0x6c, 0x6f,
  0x61, 0x74, 0x34, 0x20, 0x76, 0x5f, 0x73, 0x68, 0x61, 0x70, 0x65, 0x20, 0x5b, 0x5b, 0x75, 0x73,
  0x65, 0x72, 0x28, 0x6c, 0x6f, 0x63, 0x6e, 0x33, 0x29, 0x2c, 0x20, 0x66, 0x6c, 0x61, 0x74, 0x5d,
  0x5d, 0x3b, 0x0a, 0x20, 0x20, 0x20, 0x20, 0x66, 0x6c, 0x6f, 0x61, 0x74, 0x34, 0x20, 0x76, 0x5f,
  0x72, 0x61, 0x64, 0x69, 0x69, 0x20, 0x5b, 0x5b, 0x75, 0x73, 0x65, 0x72, 0x28, 0x6c, 0x6f, 0x63,
  0x6e, 0x34, 0x29, 0x2c, 0x20, 0x66, 0x6c, 0x61, 0x74, 0x5d, 0x5d, 0x3b, 0x0a, 0x20, 0x20, 0x20,
  0x20, 0x66, 0x6c, 0x6f, 0x61, 0x74, 0x32, 0x20, 0x76, 0x5f, 0x65, 0x78, 0x74, 0x72, 0x61, 0x20,
  0x5b, 0x5b, 0x75, 0x73, 0x65, 0x72, 0x28, 0x6c, 0x6f, 0x63, 0x6e, 0x35, 0x29, 0x2c, 0x20, 0x66,
  0x6c, 0x61, 0x74, 0x5d, 0x5d, 0x3b, 0x0a, 0x7d, 0x3b, 0x0a, 0x0a, 0x66, 0x72, 0x61, 0x67, 0x6d,
  0x65, 0x6e, 0x74, 0x20, 0x6d, 0x61, 0x69, 0x6e, 0x30, 0x5f, 0x6f, 0x75, 0x74, 0x20, 0x6d, 0x61,
  0x69, 0x6e, 0x30, 0x28, 0x6d, 0x61, 0x69, 0x6e, 0x30, 0x5f, 0x69, 0x6e, 0x20, 0x69, 0x6e, 0x20,
  0x5b, 0x5b, 0x73, 0x74, 0x61, 0x67, 0x65, 0x5f, 0x69, 0x6e, 0x5d, 0x5d, 0x2c, 0x20, 0x74, 0x65,
  0x78, 0x74, 0x75, 0x72, 0x65, 0x32, 0x64, 0x3c, 0x66, 0x6c, 0x6f, 0x61, 0x74, 0x3e, 0x20, 0x75,
  0x5f, 0x74, 0x65, 0x78, 0x74, 0x75, 0x72, 0x65, 0x20, 0x5b, 0x5b, 0x74, 0x65, 0x78, 0x74, 0x75,
  0x72, 0x65, 0x28, 0x30, 0x29, 0x5d, 0x5d, 0x2c, 0x20, 0x73, 0x61, 0x6d, 0x70, 0x6c, 0x65, 0x72,
  0x20, 0x75, 0x5f, 0x74, 0x65, 0x78, 0x74, 0x75, 0x72, 0x65, 0x53, 0x6d, 0x70, 0x6c, 0x72, 0x20,
  0x5b, 0x5b, 0x73, 0x61, 0x6d, 0x70, 0x6c, 0x65, 0x72, 0x28, 0x30, 0x29, 0x5d, 0x5d, 0x29, 0x0a,
  0x7b, 0x0a, 0x20, 0x20, 0x20, 0x20, 0x6d, 0x61, 0x69, 0x6e, 0x30, 0x5f, 0x6f, 0x75, 0x74, 0x20,
  0x6f, 0x75, 0x74, 0x20, 0x3d, 0x20, 0x7b, 0x7d, 0x3b, 0x0a, 0x20, 0x20, 0x20, 0x20, 0x69, 0x6e,
  0x74, 0x20, 0x5f, 0x39, 0x37, 0x20, 0x3d, 0x20, 0x69, 0x6e, 0x74, 0x28, 0x69, 0x6e, 0x2e, 0x76,
  0x5f, 0x65, 0x78, 0x74, 0x72, 0x61, 0x2e, 0x79, 0x20, 0x2b, 0x20, 0x30, 0x2e, 0x35, 0x29, 0x3b,
  0x0a, 0x20, 0x20, 0x20, 0x20, 0x66, 0x6c, 0x6f, 0x61, 0x74, 0x34, 0x20, 0x5f, 0x31, 0x30, 0x31,
  0x20, 0x3d, 0x20, 0x69, 0x6e, 0x2e, 0x76, 0x5f, 0x63, 0x6f, 0x6c, 0x6f, 0x72, 0x3b, 0x0a, 0x20,
  0x20, 0x20, 0x20, 0x66, 0x6c, 0x6f, 0x61, 0x74, 0x32, 0x20, 0x5f, 0x31, 0x30, 0x38, 0x20, 0x3d,
  0x20, 0x69, 0x6e, 0x2e, 0x76, 0x5f, 0x70, 0x6f, 0x73, 0x20, 0x2d, 0x20, 0x69, 0x6e, 0x2e, 0x76,
  0x5f, 0x73, 0x68, 0x61, 0x70, 0x65, 0x2e, 0x78, 0x79, 0x3b, 0x0a, 0x20, 0x20, 0x20, 0x20, 0x66,
  0x6c, 0x6f, 0x61, 0x74, 0x34, 0x20, 0x5f, 0x34, 0x38, 0x35, 0x3b, 0x0a, 0x20, 0x20, 0x20, 0x20,
  0x69, 0x66, 0x20, 0x28, 0x5f, 0x39, 0x37, 0x20, 0x3d, 0x3d, 0x20, 0x31, 0x29, 0x0a, 0x20, 0x20,
  0x20, 0x20, 0x7b, 0x0a, 0x20, 0x20, 0x20, 0x20, 0x20, 0x20, 0x20, 0x20, 0x66, 0x6c, 0x6f, 0x61,
  0x74, 0x20, 0x5f, 0x34, 0x38, 0x31, 0x3b, 0x0a, 0x20, 0x20, 0x20, 0x20, 0x20, 0x20, 0x20, 0x20,
  0x69, 0x66, 0x20, 0x28, 0x5f, 0x31, 0x30, 0x38, 0x2e, 0x78, 0x20, 0x3c, 0x20, 0x30, 0x2e, 0x30,
  0x29, 0x0a, 0x20, 0x20, 0x20, 0x20, 0x20, 0x20, 0x20, 0x20, 0x7b, 0x0a, 0x20, 0x20, 0x20, 0x20,
  0x20, 0x20, 0x20, 0x20, 0x20, 0x20, 0x20, 0x20, 0x66, 0x6c, 0x6f, 0x61, 0x74, 0x20, 0x5f, 0x34,
  0x38, 0x30, 0x3b, 0x0a, 0x20, 0x20, 0x20, 0x20, 0x20, 0x20, 0x20, 0x20, 0x20, 0x20, 0x20, 0x20,
  0x69, 0x66, 0x20, 0x28, 0x5f, 0x31, 0x30, 0x38, 0x2e, 0x79, 0x20, 0x3c, 0x20, 0x30, 0x2e, 0x30,
  0x29, 0x0a, 0x20, 0x20, 0x20, 0x20, 0x20, 0x20, 0x20, 0x20, 0x20, 0x20, 0x20, 0x20, 0x7b, 0x0a,
  0x20, 0x20, 0x20, 0x20, 0x20, 0x20, 0x20, 0x20, 0x20, 0x20, 0x20, 0x20, 0x20, 0x20, 0x20, 0x20,
  0x5f, 0x34, 0x38, 0x30, 0x20, 0x3d, 0x20, 0x69, 0x6e, 0x2e, 0x76, 0x5f, 0x72, 0x61, 0x64, 0x69,
  0x69, 0x2e, 0x78, 0x3b, 0x0a, 0x20, 0x20, 0x20, 0x20, 0x20, 0x20, 0x20, 0x20, 0x20, 0x20, 0x20,
  0x20, 0x7d, 0x0a, 0x20, 0x20, 0x20, 0x20, 0x20, 0x20, 0x20, 0x20, 0x20, 0x20, 0x20, 0x20, 0x65,
  0x6c, 0x73, 0x65, 0x0a, 0x20, 0x20, 0x20, 0x20, 0x20, 0x20, 0x20, 0x20, 0x20, 0x20, 0x20, 0x20,
  0x7b, 0x0a, 0x20, 0x20, 0x20, 0x20, 0x20, 0x20, 0x20, 0x20, 0x20, 0x20, 0x20, 0x20, 0x20, 0x20,
  0x20, 0x20, 0x5f, 0x34, 0x38, 0x30, 0x20, 0x3d, 0x20, 0x69, 0x6e, 0x2e, 0x76, 0x5f, 0x72, 0x61,
  0x64, 0x69, 0x69, 0x2e, 0x77, 0x3b, 0x0a, 0x20, 0x20, 0x20, 0x20, 0x20, 0x20, 0x20, 0x20, 0x20,
  0x20, 0x20, 0x20, 0x7d, 0x0a, 0x20, 0x20, 0x20, 0x20, 0x20, 0x20, 0x20, 0x20, 0x20, 0x20, 0x20,
  0x20, 0x5f, 0x34, 0x38, 0x31, 0x20, 0x3d, 0x20, 0x5f, 0x34, 0x38, 0x30, 0x3b, 0x0a, 0x20, 0x20,
  0x20, 0x20, 0x20, 0x20, 0x20, 0x20, 0x7d, 0x0a, 0x20, 0x20, 0x20, 0x20, 0x20, 0x20, 0x20, 0x20,
  0x65, 0x6c, 0x73, 0x65, 0x0a, 0x20, 0x20, 0x20, 0x20, 0x20, 0x20, 0x20, 0x20, 0x7b, 0x0a, 0x20,
  0x20, 0x20, 0x20, 0x20, 0x20, 0x20, 0x20, 0x20, 0x20, 0x20, 0x20, 0x66, 0x6c, 0x6f, 0x61, 0x74,
  0x20, 0x5f, 0x34, 0x37, 0x39, 0x3b, 0x0a, 0x20, 0x20, 0x20, 0x20, 0x20, 0x20, 0x20, 0x20, 0x20,
  0x20, 0x20, 0x20, 0x69, 0x66, 0x20, 0x28, 0x5f, 0x31, 0x30, 0x38, 0x2e, 0x79, 0x20, 0x3c, 0x20,
  0x30, 0x2e, 0x30, 0x29, 0x0a, 0x20, 0x20, 0x20, 0x20, 0x20, 0x20, 0x20, 0x20, 0x20, 0x20, 0x20,
  0x20, 0x7b, 0x0a, 0x20, 0x20, 0x20, 0x20, 0x20, 0x20, 0x20, 0x20, 0x20, 0x20, 0x20, 0x20, 0x20,
  0x20, 0x20, 0x20, 0x5f, 0x34, 0x37, 0x39, 0x20, 0x3d, 0x20, 0x69, 0x6e, 0x2e, 0x76, 0x5f, 0x72,
  0x61, 0x64, 0x69, 0x69, 0x2e, 0x79, 0x3b, 0x0a, 0x20, 0x20, 0x20, 0x20, 0x20, 0x20, 0x20, 0x20,
  0x20, 0x20, 0x20, 0x20, 0x7d, 0x0a, 0x20, 0x20, 0x20, 0x20, 0x20, 0x20, 0x20, 0x20, 0x20, 0x20,
  0x20, 0x20, 0x65, 0x6c, 0x73, 0x65, 0x0a, 0x20, 0x20, 0x20, 0x20, 0x20, 0x20, 0x20, 0x20, 0x20,
  0x20, 0x20, 0x20, 0x7b, 0x0a, 0x20, 0x20, 0x20, 0x20, 0x20, 0x20, 0x20, 0x20, 0x20, 0x20, 0x20,
  0x20, 0x20, 0x20, 0x20, 0x20, 0x5f, 0x34, 0x37, 0x39, 0x20, 0x3d, 0x20, 0x69, 0x6e, 0x2e, 0x76,
  0x5f, 0x72, 0x61, 0x64, 0x69, 0x69, 0x2e, 0x7a, 0x3b, 0x0a, 0x20, 0x20, 0x20, 0x20, 0x20, 0x20,
  0x20, 0x20, 0x20, 0x20, 0x20, 0x20, 0x7d, 0x0a, 0x20, 0x20, 0x20, 0x20, 0x20, 0x20, 0x20, 0x20,
  0x20, 0x20, 0x20, 0x20, 0x5f, 0x34, 0x38, 0x31, 0x20, 0x3d, 0x20, 0x5f, 0x34, 0x37, 0x39, 0x3b,
  0x0a, 0x20, 0x20, 0x20, 0x20, 0x20, 0x20, 0x20, 0x20, 0x7d, 0x0a, 0x20, 0x20, 0x20, 0x20, 0x20,
  0x20, 0x20, 0x20, 0x66, 0x6c, 0x6f, 0x61, 0x74, 0x32, 0x20, 0x5f, 0x32, 0x38, 0x36, 0x20, 0x3d,
  0x20, 0x61, 0x62, 0x73, 0x28, 0x5f, 0x31, 0x30, 0x38, 0x29, 0x20, 0x2d, 0x20, 0x28, 0x69, 0x6e,
  0x2e, 0x76, 0x5f, 0x73, 0x68, 0x61, 0x70, 0x65, 0x2e, 0x7a, 0x77, 0x20, 0x2d, 0x20, 0x66, 0x6c,
  0x6f, 0x61, 0x74, 0x32, 0x28, 0x5f, 0x34, 0x38, 0x31, 0x29, 0x29, 0x3b, 0x0a, 0x20, 0x20, 0x20,
  0x20, 0x20, 0x20, 0x20, 0x20, 0x66, 0x6c, 0x6f, 0x61, 0x74, 0x34, 0x20, 0x5f, 0x34, 0x34, 0x34,
  0x20, 0x3d, 0x20, 0x5f, 0x31, 0x30, 0x31, 0x3b, 0x0a, 0x20, 0x20, 0x20, 0x20, 0x20, 0x20, 0x20,
  0x20, 0x5f, 0x34, 0x34, 0x34, 0x2e, 0x77, 0x20, 0x3d, 0x20, 0x5f, 0x31, 0x30, 0x31, 0x2e, 0x77,
  0x20, 0x2a, 0x20, 0x66, 0x61, 0x73, 0x74, 0x3a, 0x3a, 0x63, 0x6c, 0x61, 0x6d, 0x70, 0x28, 0x30,
  0x2e, 0x35, 0x20, 0x2d, 0x20, 0x28, 0x28, 0x6c, 0x65, 0x6e, 0x67, 0x74, 0x68, 0x28, 0x66, 0x61,
  0x73, 0x74, 0x3a, 0x3a, 0x6d, 0x61, 0x78, 0x28, 0x5f, 0x32, 0x38, 0x36, 0x2c, 0x20, 0x66, 0x6c,
  0x6f, 0x61, 0x74, 0x32, 0x28, 0x30, 0x2e, 0x30, 0x29, 0x29, 0x29, 0x20, 0x2b, 0x20, 0x66, 0x61,
  0x73, 0x74, 0x3a, 0x3a, 0x6d, 0x69, 0x6e, 0x28, 0x66, 0x61, 0x73, 0x74, 0x3a, 0x3a, 0x6d, 0x61,
  0x78, 0x28, 0x5f, 0x32, 0x38, 0x36, 0x2e, 0x78, 0x2c, 0x20, 0x5f, 0x32, 0x38, 0x36, 0x2e, 0x79,
  0x29, 0x2c, 0x20, 0x30, 0x2e, 0x30, 0x29, 0x29, 0x20, 0x2d, 0x20, 0x5f, 0x34, 0x38, 0x31, 0x29,
  0x2c, 0x20, 0x30, 0x2e, 0x30, 0x2c, 0x20, 0x31, 0x2e, 0x30, 0x29, 0x3b, 0x0a, 0x20, 0x20, 0x20,
  0x20, 0x20, 0x20, 0x20, 0x20, 0x5f, 0x34, 0x38, 0x35, 0x20, 0x3d, 0x20, 0x5f, 0x34, 0x34, 0x34,
  0x3b, 0x0a, 0x20, 0x20, 0x20, 0x20, 0x7d, 0x0a, 0x20, 0x20, 0x20, 0x20, 0x65, 0x6c, 0x73, 0x65,
  0x0a, 0x20, 0x20, 0x20, 0x20, 0x7b, 0x0a, 0x20, 0x20, 0x20, 0x20, 0x20, 0x20, 0x20, 0x20, 0x66,
  0x6c, 0x6f, 0x61, 0x74, 0x34, 0x20, 0x5f, 0x34, 0x38, 0x36, 0x3b, 0x0a, 0x20, 0x20, 0x20, 0x20,
  0x20, 0x20, 0x20, 0x20, 0x69, 0x66, 0x20, 0x28, 0x5f, 0x39, 0x37, 0x20, 0x3d, 0x3d, 0x20, 0x32,
  0x29, 0x0a, 0x20, 0x20, 0x20, 0x20, 0x20, 0x20, 0x20, 0x20, 0x7b, 0x0a, 0x20, 0x20, 0x20, 0x20,
  0x20, 0x20, 0x20, 0x20, 0x20, 0x20, 0x20, 0x20, 0x66, 0x6c, 0x6f, 0x61, 0x74, 0x20, 0x5f, 0x34,
  0x37, 0x35, 0x3b, 0x0a, 0x20, 0x20, 0x20, 0x20, 0x20, 0x20, 0x20, 0x20, 0x20, 0x20, 0x20, 0x20,
  0x69, 0x66, 0x20, 0x28, 0x5f, 0x31, 0x30, 0x38, 0x2e, 0x78, 0x20, 0x3c, 0x20, 0x30, 0x2e, 0x30,
  0x29, 0x0a, 0x20, 0x20, 0x20, 0x20, 0x20, 0x20, 0x20, 0x20, 0x20, 0x20, 0x20, 0x20, 0x7b, 0x0a,
  0x20, 0x20, 0x20, 0x20, 0x20, 0x20, 0x20, 0x20, 0x20, 0x20, 0x20, 0x20, 0x20, 0x20, 0x20, 0x20,
  0x66, 0x6c, 0x6f, 0x61, 0x74, 0x20, 0x5f, 0x34, 0x37, 0x34, 0x3b, 0x0a, 0x20, 0x20, 0x20, 0x20,
  0x20, 0x20, 0x20, 0x20, 0x20, 0x20, 0x20, 0x20, 0x20, 0x20, 0x20, 0x20, 0x69, 0x66, 0x20, 0x28,
  0x5f, 0x31, 0x30, 0x38, 0x2e, 0x79, 0x20, 0x3c, 0x20, 0x30, 0x2e, 0x30, 0x29, 0x0a, 0x20, 0x20,
  0x20, 0x20, 0x20, 0x20, 0x20, 0x20, 0x20, 0x20, 0x20, 0x20, 0x20, 0x20, 0x20, 0x20, 0x7b, 0x0a,
  0x20, 0x20, 0x20, 0x20, 0x20, 0x20, 0x20, 0x20, 0x20, 0x20, 0x20, 0x20, 0x20, 0x20, 0x20, 0x20,
  0x20, 0x20, 0x20, 0x20, 0x5f, 0x34, 0x37, 0x34, 0x20, 0x3d, 0x20, 0x69, 0x6e, 0x2e, 0x76, 0x5f,
  0x72, 0x61, 0x64, 0x69, 0x69, 0x2e, 0x78, 0x3b, 0x0a, 0x20, 0x20, 0x20, 0x20, 0x20, 0x20, 0x20,
  0x20, 0x20, 0x20, 0x20, 0x20, 0x20, 0x20, 0x20, 0x20, 0x7d, 0x0a, 0x20, 0x20, 0x20, 0x20, 0x20,
  0x20, 0x20, 0x20, 0x20, 0x20, 0x20, 0x20, 0x20, 0x20, 0x20, 0x20, 0x65, 0x6c, 0x73, 0x65, 0x0a,
  0x20, 0x20, 0x20, 0x20, 0x20, 0x20, 0x20, 0x20, 0x20, 0x20, 0x20, 0x20, 0x20, 0x20, 0x20, 0x20,
  0x7b, 0x0a, 0x20, 0x20, 0x20, 0x20, 0x20, 0x20, 0x20, 0x20, 0x20, 0x20, 0x20, 0x20, 0x20, 0x20,
  0x20, 0x20, 0x20, 0x20, 0x20, 0x20, 0x5f, 0x34, 0x37, 0x34, 0x20, 0x3d, 0x20, 0x69, 0x6e, 0x2e,
  0x76, 0x5f, 0x72, 0x61, 0x64, 0x69, 0x69, 0x2e, 0x77, 0x3b, 0x0a, 0x20, 0x20, 0x20, 0x20, 0x20,
  0x20, 0x20, 0x20, 0x20, 0x20, 0x20, 0x20, 0x20, 0x20, 0x20, 0x20, 0x7d, 0x0a, 0x20, 0x20, 0x20,
  0x20, 0x20, 0x20, 0x20, 0x20, 0x20, 0x20, 0x20, 0x20, 0x20, 0x20, 0x20, 0x20, 0x5f, 0x34, 0x37,
  0x35, 0x20, 0x3d, 0x20, 0x5f, 0x34, 0x37, 0x34, 0x3b, 0x0a, 0x20, 0x20, 0x20, 0x20, 0x20, 0x20,
  0x20, 0x20, 0x20, 0x20, 0x20, 0x20, 0x7d, 0x0a, 0x20, 0x20, 0x20, 0x20, 0x20, 0x20, 0x20, 0x20,
  0x20, 0x20, 0x20, 0x20, 0x65, 0x6c, 0x73, 0x65, 0x0a, 0x20, 0x20, 0x20, 0x20, 0x20, 0x20, 0x20,
  0x20, 0x20, 0x20, 0x20, 0x20, 0x7b, 0x0a, 0x20, 0x20, 0x20, 0x20, 0x20, 0x20, 0x20, 0x20, 0x20,
  0x20, 0x20, 0x20, 0x20, 0x20, 0x20, 0x20, 0x66, 0x6c, 0x6f, 0x61, 0x74, 0x20, 0x5f, 0x34, 0x37,
  0x33, 0x3b, 0x0a, 0x20, 0x20, 0x20, 0x20, 0x20, 0x20, 0x20, 0x20, 0x20, 0x20, 0x20, 0x20, 0x20,
  0x20, 0x20, 0x20, 0x69, 0x66, 0x20, 0x28, 0x5f, 0x31, 0x30, 0x38, 0x2e, 0x79, 0x20, 0x3c, 0x20,
  0x30, 0x2e, 0x30, 0x29, 0x0a, 0x20, 0x20, 0x20, 0x20, 0x20, 0x20, 0x20, 0x20, 0x20, 0x20, 0x20,
  0x20, 0x20, 0x20, 0x20, 0x20, 0x7b, 0x0a, 0x20, 0x20, 0x20, 0x20, 0x20, 0x20, 0x20, 0x20, 0x20,
  0x20, 0x20, 0x20, 0x20, 0x20, 0x20, 0x20, 0x20, 0x20, 0x20, 0x20, 0x5f, 0x34, 0x37, 0x33, 0x20,
  0x3d, 0x20, 0x69, 0x6e, 0x2e, 0x76, 0x5f, 0x72, 0x61, 0x64, 0x69, 0x69, 0x2e, 0x79, 0x3b, 0x0a,
  0x20, 0x20, 0x20, 0x20, 0x20, 0x20, 0x20, 0x20, 0x20, 0x20, 0x20, 0x20, 0x20, 0x20, 0x20, 0x20,
  0x7d, 0x0a, 0x20, 0x20, 0x20, 0x20, 0x20, 0x20, 0x20, 0x20, 0x20, 0x20, 0x20, 0x20, 0x20, 0x20,
  0x20, 0x20, 0x65, 0x6c, 0x73, 0x65, 0x0a, 0x20, 0x20, 0x20, 0x20, 0x20, 0x20, 0x20, 0x20, 0x20,
  0x20, 0x20, 0x20, 0x20, 0x20, 0x20, 0x20, 0x7b, 0x0a, 0x20, 0x20, 0x20, 0x20, 0x20, 0x20, 0x20,
  0x20, 0x20, 0x20, 0x20, 0x20, 0x20, 0x20, 0x20, 0x20, 0x20, 0x20, 0x20, 0x20, 0x5f, 0x34, 0x37,
  0x33, 0x20, 0x3d, 0x20, 0x69, 0x6e, 0x2e, 0x76, 0x5f, 0x72, 0x61, 0x64, 0x69, 0x69, 0x2e, 0x7a,
  0x3b, 0x0a, 0x20, 0x20, 0x20, 0x20, 0x20, 0x20, 0x20, 0x20, 0x20, 0x20, 0x20, 0x20, 0x20, 0x20,
  0x20, 0x20, 0x7d, 0x0a, 0x20, 0x20, 0x20, 0x20, 0x20, 0x20, 0x20, 0x20, 0x20, 0x20, 0x20, 0x20,
  0x20, 0x20, 0x20, 0x20, 0x5f, 0x34, 0x37, 0x35, 0x20, 0x3d, 0x20, 0x5f, 0x34, 0x37, 0x33, 0x3b,
  0x0a, 0x20, 0x20, 0x20, 0x20, 0x20, 0x20, 0x20, 0x20, 0x20, 0x20, 0x20, 0x20, 0x7d, 0x0a, 0x20,
  0x20, 0x20, 0x20, 0x20, 0x20, 0x20, 0x20, 0x20, 0x20, 0x20, 0x20, 0x66, 0x6c, 0x6f, 0x61, 0x74,
  0x32, 0x20, 0x5f, 0x33, 0x33, 0x38, 0x20, 0x3d, 0x20, 0x61, 0x62, 0x73, 0x28, 0x5f, 0x31, 0x30,
  0x38, 0x29, 0x3b, 0x0a, 0x20, 0x20, 0x20, 0x20, 0x20, 0x20, 0x20, 0x20, 0x20, 0x20, 0x20, 0x20,
  0x66, 0x6c, 0x6f, 0x61, 0x74, 0x32, 0x20, 0x5f, 0x33, 0x34, 0x33, 0x20, 0x3d, 0x20, 0x5f, 0x33,
  0x33, 0x38, 0x20, 0x2d, 0x20, 0x28, 0x69, 0x6e, 0x2e, 0x76, 0x5f, 0x73, 0x68, 0x61, 0x70, 0x65,
  0x2e, 0x7a, 0x77, 0x20, 0x2d, 0x20, 0x66, 0x6c, 0x6f, 0x61, 0x74, 0x32, 0x28, 0x5f, 0x34, 0x37,
  0x35, 0x29, 0x29, 0x3b, 0x0a, 0x20, 0x20, 0x20, 0x20, 0x20, 0x20, 0x20, 0x20, 0x20, 0x20, 0x20,
  0x20, 0x66, 0x6c, 0x6f, 0x61, 0x74, 0x20, 0x5f, 0x31, 0x36, 0x34, 0x20, 0x3d, 0x20, 0x66, 0x61,
  0x73, 0x74, 0x3a, 0x3a, 0x6d, 0x61, 0x78, 0x28, 0x5f, 0x34, 0x37, 0x35, 0x20, 0x2d, 0x20, 0x69,
  0x6e, 0x2e, 0x76, 0x5f, 0x65, 0x78, 0x74, 0x72, 0x61, 0x2e, 0x78, 0x2c, 0x20, 0x30, 0x2e, 0x30,
  0x29, 0x3b, 0x0a, 0x20, 0x20, 0x20, 0x20, 0x20, 0x20, 0x20, 0x20, 0x20, 0x20, 0x20, 0x20, 0x66,
  0x6c, 0x6f, 0x61, 0x74, 0x32, 0x20, 0x5f, 0x33, 0x36, 0x36, 0x20, 0x3d, 0x20, 0x5f, 0x33, 0x33,
  0x38, 0x20, 0x2d, 0x20, 0x28, 0x28, 0x69, 0x6e, 0x2e, 0x76, 0x5f, 0x73, 0x68, 0x61, 0x70, 0x65,
  0x2e, 0x7a, 0x77, 0x20, 0x2d, 0x20, 0x66, 0x6c, 0x6f, 0x61, 0x74, 0x32, 0x28, 0x69, 0x6e, 0x2e,
  0x76, 0x5f, 0x65, 0x78, 0x74, 0x72, 0x61, 0x2e, 0x78, 0x29, 0x29, 0x20, 0x2d, 0x20, 0x66, 0x6c,
  0x6f, 0x61, 0x74, 0x32, 0x28, 0x5f, 0x31, 0x36, 0x34, 0x29, 0x29, 0x3b, 0x0a, 0x20, 0x20, 0x20,
  0x20, 0x20, 0x20, 0x20, 0x20, 0x20, 0x20, 0x20, 0x20, 0x66, 0x6c, 0x6f, 0x61, 0x74, 0x34, 0x20,
  0x5f, 0x34, 0x35, 0x34, 0x20, 0x3d, 0x20, 0x5f, 0x31, 0x30, 0x31, 0x3b, 0x0a, 0x20, 0x20, 0x20,
  0x20, 0x20, 0x20, 0x20, 0x20, 0x20, 0x20, 0x20, 0x20, 0x5f, 0x34, 0x35, 0x34, 0x2e, 0x77, 0x20,
  0x3d, 0x20, 0x5f, 0x31, 0x30, 0x31, 0x2e, 0x77, 0x20, 0x2a, 0x20, 0x28, 0x66, 0x61, 0x73, 0x74,
  0x3a, 0x3a, 0x63, 0x6c, 0x61, 0x6d, 0x70, 0x28, 0x30, 0x2e, 0x35, 0x20, 0x2d, 0x20, 0x28, 0x28,
  0x6c, 0x65, 0x6e, 0x67, 0x74, 0x68, 0x28, 0x66, 0x61, 0x73, 0x74, 0x3a, 0x3a, 0x6d, 0x61, 0x78,
  0x28, 0x5f, 0x33, 0x34, 0x33, 0x2c, 0x20, 0x66, 0x6c, 0x6f, 0x61, 0x74, 0x32, 0x28, 0x30, 0x2e,
  0x30, 0x29, 0x29, 0x29, 0x20, 0x2b, 0x20, 0x66, 0x61, 0x73, 0x74, 0x3a, 0x3a, 0x6d, 0x69, 0x6e,
  0x28, 0x66, 0x61, 0x73, 0x74, 0x3a, 0x3a, 0x6d, 0x61, 0x78, 0x28, 0x5f, 0x33, 0x34, 0x33, 0x2e,
  0x78, 0x2c, 0x20, 0x5f, 0x33, 0x34, 0x33, 0x2e, 0x79, 0x29, 0x2c, 0x20, 0x30, 0x2e, 0x30, 0x29,
  0x29, 0x20, 0x2d, 0x20, 0x5f, 0x34, 0x37, 0x35, 0x29, 0x2c, 0x20, 0x30, 0x2e, 0x30, 0x2c, 0x20,
  0x31, 0x2e, 0x30, 0x29, 0x20, 0x2a, 0x20, 0x28, 0x31, 0x2e, 0x30, 0x20, 0x2d, 0x20, 0x66, 0x61,
  0x73, 0x74, 0x3a, 0x3a, 0x63, 0x6c, 0x61, 0x6d, 0x70, 0x28, 0x30, 0x2e, 0x35, 0x20, 0x2d, 0x20,
  0x28, 0x28, 0x6c, 0x65, 0x6e, 0x67, 0x74, 0x68, 0x28, 0x66, 0x61, 0x73, 0x74, 0x3a, 0x3a, 0x6d,
  0x61, 0x78, 0x28, 0x5f, 0x33, 0x36, 0x36, 0x2c, 0x20, 0x66, 0x6c, 0x6f, 0x61, 0x74, 0x32, 0x28,
  0x30, 0x2e, 0x30, 0x29, 0x29, 0x29, 0x20, 0x2b, 0x20, 0x66, 0x61, 0x73, 0x74, 0x3a, 0x3a, 0x6d,
  0x69, 0x6e, 0x28, 0x66, 0x61, 0x73, 0x74, 0x3a, 0x3a, 0x6d, 0x61, 0x78, 0x28, 0x5f, 0x33, 0x36,
  0x36, 0x2e, 0x78, 0x2c, 0x20, 0x5f, 0x33, 0x36, 0x36, 0x2e, 0x79, 0x29, 0x2c, 0x20, 0x30, 0x2e,
  0x30, 0x29, 0x29, 0x20, 0x2d, 0x20, 0x5f, 0x31, 0x36, 0x34, 0x29, 0x2c, 0x20, 0x30, 0x2e, 0x30,
  0x2c, 0x20, 0x31, 0x2e, 0x30, 0x29, 0x29, 0x29, 0x3b, 0x0a, 0x20, 0x20, 0x20, 0x20, 0x20, 0x20,
  0x20, 0x20, 0x20, 0x20, 0x20, 0x20, 0x5f, 0x34, 0x38, 0x36, 0x20, 0x3d, 0x20, 0x5f, 0x34, 0x35,
  0x34, 0x3b, 0x0a, 0x20, 0x20, 0x20, 0x20, 0x20, 0x20, 0x20, 0x20, 0x7d, 0x0a, 0x20, 0x20, 0x20,
  0x20, 0x20, 0x20, 0x20, 0x20, 0x65, 0x6c, 0x73, 0x65, 0x0a, 0x20, 0x20, 0x20, 0x20, 0x20, 0x20,
  0x20, 0x20, 0x7b, 0x0a, 0x20, 0x20, 0x20, 0x20, 0x20, 0x20, 0x20, 0x20, 0x20, 0x20, 0x20, 0x20,
  0x66, 0x6c, 0x6f, 0x61, 0x74, 0x34, 0x20, 0x5f, 0x34, 0x38, 0x37, 0x3b, 0x0a, 0x20, 0x20, 0x20,
  0x20, 0x20, 0x20, 0x20, 0x20, 0x20, 0x20, 0x20, 0x20, 0x69, 0x66, 0x20, 0x28, 0x5f, 0x39, 0x37,
  0x20, 0x3d, 0x3d, 0x20, 0x33, 0x29, 0x0a, 0x20, 0x20, 0x20, 0x20, 0x20, 0x20, 0x20, 0x20, 0x20,
  0x20, 0x20, 0x20, 0x7b, 0x0a, 0x20, 0x20, 0x20, 0x20, 0x20, 0x20, 0x20, 0x20, 0x20, 0x20, 0x20,
  0x20, 0x20, 0x20, 0x20, 0x20, 0x66, 0x6c, 0x6f, 0x61, 0x74, 0x20, 0x5f, 0x34, 0x36, 0x39, 0x3b,
  0x0a, 0x20, 0x20, 0x20, 0x20, 0x20, 0x20, 0x20, 0x20, 0x20, 0x20, 0x20, 0x20, 0x20, 0x20, 0x20,
  0x20, 0x69, 0x66, 0x20, 0x28, 0x5f, 0x31, 0x30, 0x38, 0x2e, 0x78, 0x20, 0x3c, 0x20, 0x30, 0x2e,
  0x30, 0x29, 0x0a, 0x20, 0x20, 0x20, 0x20, 0x20, 0x20, 0x20, 0x20, 0x20, 0x20, 0x20, 0x20, 0x20,
  0x20, 0x20, 0x20, 0x7b, 0x0a, 0x20, 0x20, 0x20, 0x20, 0x20, 0x20, 0x20, 0x20, 0x20, 0x20, 0x20,
  0x20, 0x20, 0x20, 0x20, 0x20, 0x20, 0x20, 0x20, 0x20, 0x66, 0x6c, 0x6f, 0x61, 0x74, 0x20, 0x5f,
  0x34, 0x36, 0x38, 0x3b, 0x0a, 0x20, 0x20, 0x20, 0x20, 0x20, 0x20, 0x20, 0x20, 0x20, 0x20, 0x20,
  0x20, 0x20, 0x20, 0x20, 0x20, 0x20, 0x20, 0x20, 0x20, 0x69, 0x66, 0x20, 0x28, 0x5f, 0x31, 0x30,
  0x38, 0x2e, 0x79, 0x20, 0x3c, 0x20, 0x30, 0x2e, 0x30, 0x29, 0x0a, 0x20, 0x20, 0x20, 0x20, 0x20,
  0x20, 0x20, 0x20, 0x20, 0x20, 0x20, 0x20, 0x20, 0x20, 0x20, 0x20, 0x20, 0x20, 0x20, 0x20, 0x7b,
  0x0a, 0x20, 0x20, 0x20, 0x20, 0x20, 0x20, 0x20, 0x20, 0x20, 0x20, 0x20, 0x20, 0x20, 0x20, 0x20,
  0x20, 0x20, 0x20, 0x20, 0x20, 0x20, 0x20, 0x20, 0x20, 0x5f, 0x34, 0x36, 0x38, 0x20, 0x3d, 0x20,
  0x69, 0x6e, 0x2e, 0x76, 0x5f, 0x72, 0x61, 0x64, 0x69, 0x69, 0x2e, 0x78, 0x3b, 0x0a, 0x20, 0x20,
  0x20, 0x20, 0x20, 0x20, 0x20, 0x20, 0x20, 0x20, 0x20, 0x20, 0x20, 0x20, 0x20, 0x20, 0x20, 0x20,
  0x20, 0x20, 0x7d, 0x0a, 0x20, 0x20, 0x20, 0x20, 0x20, 0x20, 0x20, 0x20, 0x20, 0x20, 0x20, 0x20,
  0x20, 0x20, 0x20, 0x20, 0x20, 0x20, 0x20, 0x20, 0x65, 0x6c, 0x73, 0x65, 0x0a, 0x20, 0x20, 0x20,
  0x20, 0x20, 0x20, 0x20, 0x20, 0x20, 0x20, 0x20, 0x20, 0x20, 0x20, 0x20, 0x20, 0x20, 0x20, 0x20,
  0x20, 0x7b, 0x0a, 0x20, 0x20, 0x20, 0x20, 0x20, 0x20, 0x20, 0x20, 0x20, 0x20, 0x20, 0x20, 0x20,
  0x20, 0x20, 0x20, 0x20, 0x20, 0x20, 0x20, 0x20, 0x20, 0x20, 0x20, 0x5f, 0x34, 0x36, 0x38, 0x20,
  0x3d, 0x20, 0x69, 0x6e, 0x2e, 0x76, 0x5f, 0x72, 0x61, 0x64, 0x69, 0x69, 0x2e, 0x77, 0x3b, 0x0a,
  0x20, 0x20, 0x20, 0x20, 0x20, 0x20, 0x20, 0x20, 0x20, 0x20, 0x20, 0x20, 0x20, 0x20, 0x20, 0x20,
  0x20, 0x20, 0x20, 0x20, 0x7d, 0x0a, 0x20, 0x20, 0x20, 0x20, 0x20, 0x20, 0x20, 0x20, 0x20, 0x20,
  0x20, 0x20, 0x20, 0x20, 0x20, 0x20, 0x20, 0x20, 0x20, 0x20, 0x5f, 0x34, 0x36, 0x39, 0x20, 0x3d,
  0x20, 0x5f, 0x34, 0x36, 0x38, 0x3b, 0x0a, 0x20, 0x20, 0x20, 0x20, 0x20, 0x20, 0x20, 0x20, 0x20,
  0x20, 0x20, 0x20, 0x20, 0x20, 0x20, 0x20, 0x7d, 0x0a, 0x20, 0x20, 0x20, 0x20, 0x20, 0x20, 0x20,
  0x20, 0x20, 0x20, 0x20, 0x20, 0x20, 0x20, 0x20, 0x20, 0x65, 0x6c, 0x73, 0x65, 0x0a, 0x20, 0x20,
  0x20, 0x20, 0x20, 0x20, 0x20, 0x20, 0x20, 0x20, 0x20, 0x20, 0x20, 0x20, 0x20, 0x20, 0x7b, 0x0a,
  0x20, 0x20, 0x20, 0x20, 0x20, 0x20, 0x20, 0x20, 0x20, 0x20, 0x20, 0x20, 0x20, 0x20, 0x20, 0x20,
  0x20, 0x20, 0x20, 0x20, 0x66, 0x6c, 0x6f, 0x61, 0x74, 0x20, 0x5f, 0x34, 0x36, 0x37, 0x3b, 0x0a,
  0x20, 0x20, 0x20, 0x20, 0x20, 0x20, 0x20, 0x20, 0x20, 0x20, 0x20, 0x20, 0x20, 0x20, 0x20, 0x20,
  0x20, 0x20, 0x20, 0x20, 0x69, 0x66, 0x20, 0x28, 0x5f, 0x31, 0x30, 0x38, 0x2e, 0x79, 0x20, 0x3c,
  0x20, 0x30, 0x2e, 0x30, 0x29, 0x0a, 0x20, 0x20, 0x20, 0x20, 0x20, 0x20, 0x20, 0x20, 0x20, 0x20,
  0x20, 0x20, 0x20, 0x20, 0x20, 0x20, 0x20, 0x20, 0x20, 0x20, 0x7b, 0x0a, 0x20, 0x20, 0x20, 0x20,
  0x20, 0x20, 0x20, 0x20, 0x20, 0x20, 0x20, 0x20, 0x20, 0x20, 0x20, 0x20, 0x20, 0x20, 0x20, 0x20,
  0x20, 0x20, 0x20, 0x20, 0x5f, 0x34, 0x36, 0x37, 0x20, 0x3d, 0x20, 0x69, 0x6e, 0x2e, 0x76, 0x5f,
  0x72, 0x61, 0x64, 0x69, 0x69, 0x2e, 0x79, 0x3b, 0x0a, 0x20, 0x20, 0x20, 0x20, 0x20, 0x20, 0x20,
  0x20, 0x20, 0x20, 0x20, 0x20, 0x20, 0x20, 0x20, 0x20, 0x20, 0x20, 0x20, 0x20, 0x7d, 0x0a, 0x20,
  0x20, 0x20, 0x20, 0x20, 0x20, 0x20, 0x20, 0x20, 0x20, 0x20, 0x20, 0x20, 0x20, 0x20, 0x20, 0x20,
  0x20, 0x20, 0x20, 0x65, 0x6c, 0x73, 0x65, 0x0a, 0x20, 0x20, 0x20, 0x20, 0x20, 0x20, 0x20, 0x20,
  0x20, 0x20, 0x20, 0x20, 0x20, 0x20, 0x20, 0x20, 0x20, 0x20, 0x20, 0x20, 0x7b, 0x0a, 0x20, 0x20,
  0x20, 0x20, 0x20, 0x20, 0x20, 0x20, 0x20, 0x20, 0x20, 0x20, 0x20, 0x20, 0x20, 0x20, 0x20, 0x20,
  0x20, 0x20, 0x20, 0x20, 0x20, 0x20, 0x5f, 0x34, 0x36, 0x37, 0x20, 0x3d, 0x20, 0x69, 0x6e, 0x2e,
  0x76, 0x5f, 0x72, 0x61, 0x64, 0x69, 0x69, 0x2e, 0x7a, 0x3b, 0x0a, 0x20, 0x20, 0x20, 0x20, 0x20,
  0x20, 0x20, 0x20, 0x20, 0x20, 0x20, 0x20, 0x20, 0x20, 0x20, 0x20, 0x20, 0x20, 0x20, 0x20, 0x7d,
  0x0a, 0x20, 0x20, 0x20, 0x20, 0x20, 0x20, 0x20, 0x20, 0x20, 0x20, 0x20, 0x20, 0x20, 0x20, 0x20,
  0x20, 0x20, 0x20, 0x20, 0x20, 0x5f, 0x34, 0x36, 0x39, 0x20, 0x3d, 0x20, 0x5f, 0x34, 0x36, 0x37,
  0x3b, 0x0a, 0x20, 0x20, 0x20, 0x20, 0x20, 0x20, 0x20, 0x20, 0x20, 0x20, 0x20, 0x20, 0x20, 0x20,
  0x20, 0x20, 0x7d, 0x0a, 0x20, 0x20, 0x20, 0x20, 0x20, 0x20, 0x20, 0x20, 0x20, 0x20, 0x20, 0x20,
  0x20, 0x20, 0x20, 0x20, 0x66, 0x6c, 0x6f, 0x61, 0x74, 0x32, 0x20, 0x5f, 0x34, 0x32, 0x33, 0x20,
  0x3d, 0x20, 0x61, 0x62, 0x73, 0x28, 0x5f, 0x31, 0x30, 0x38, 0x29, 0x20, 0x2d, 0x20, 0x28, 0x69,
  0x6e, 0x2e, 0x76, 0x5f, 0x73, 0x68, 0x61, 0x70, 0x65, 0x2e, 0x7a, 0x77, 0x20, 0x2d, 0x20, 0x66,
  0x6c, 0x6f, 0x61, 0x74, 0x32, 0x28, 0x5f, 0x34, 0x36, 0x39, 0x29, 0x29, 0x3b, 0x0a, 0x20, 0x20,
  0x20, 0x20, 0x20, 0x20, 0x20, 0x20, 0x20, 0x20, 0x20, 0x20, 0x20, 0x20, 0x20, 0x20, 0x66, 0x6c,
  0x6f, 0x61, 0x74, 0x34, 0x20, 0x5f, 0x34, 0x36, 0x32, 0x20, 0x3d, 0x20, 0x5f, 0x31, 0x30, 0x31,
  0x3b, 0x0a, 0x20, 0x20, 0x20, 0x20, 0x20, 0x20, 0x20, 0x20, 0x20, 0x20, 0x20, 0x20, 0x20, 0x20,
  0x20, 0x20, 0x5f, 0x34, 0x36, 0x32, 0x2e, 0x77, 0x20, 0x3d, 0x20, 0x5f, 0x31, 0x30, 0x31, 0x2e,
  0x77, 0x20, 0x2a, 0x20, 0x28, 0x31, 0x2e, 0x30, 0x20, 0x2d, 0x20, 0x73, 0x6d, 0x6f, 0x6f, 0x74,
  0x68, 0x73, 0x74, 0x65, 0x70, 0x28, 0x30, 0x2e, 0x30, 0x2c, 0x20, 0x69, 0x6e, 0x2e, 0x76, 0x5f,
  0x65, 0x78, 0x74, 0x72, 0x61, 0x2e, 0x78, 0x2c, 0x20, 0x28, 0x6c, 0x65, 0x6e, 0x67, 0x74, 0x68,
  0x28, 0x66, 0x61, 0x73, 0x74, 0x3a, 0x3a, 0x6d, 0x61, 0x78, 0x28, 0x5f, 0x34, 0x32, 0x33, 0x2c,
  0x20, 0x66, 0x6c, 0x6f, 0x61, 0x74, 0x32, 0x28, 0x30, 0x2e, 0x30, 0x29, 0x29, 0x29, 0x20, 0x2b,
  0x20, 0x66, 0x61, 0x73, 0x74, 0x3a, 0x3a, 0x6d, 0x69, 0x6e, 0x28, 0x66, 0x61, 0x73, 0x74, 0x3a,
  0x3a, 0x6d, 0x61, 0x78, 0x28, 0x5f, 0x34, 0x32, 0x33, 0x2e, 0x78, 0x2c, 0x20, 0x5f, 0x34, 0x32,
  0x33, 0x2e, 0x79, 0x29, 0x2c, 0x20, 0x30, 0x2e, 0x30, 0x29, 0x29, 0x20, 0x2d, 0x20, 0x5f, 0x34,
  0x36, 0x39, 0x29, 0x29, 0x3b, 0x0a, 0x20, 0x20, 0x20, 0x20, 0x20, 0x20, 0x20, 0x20, 0x20, 0x20,
  0x20, 0x20, 0x20, 0x20, 0x20, 0x20, 0x5f, 0x34, 0x38, 0x37, 0x20, 0x3d, 0x20, 0x5f, 0x34, 0x36,
  0x32, 0x3b, 0x0a, 0x20, 0x20, 0x20, 0x20, 0x20, 0x20, 0x20, 0x20, 0x20, 0x20, 0x20, 0x20, 0x7d,
  0x0a, 0x20, 0x20, 0x20, 0x20, 0x20, 0x20, 0x20, 0x20, 0x20, 0x20, 0x20, 0x20, 0x65, 0x6c, 0x73,
  0x65, 0x0a, 0x20, 0x20, 0x20, 0x20, 0x20, 0x20, 0x20, 0x20, 0x20, 0x20, 0x20, 0x20, 0x7b, 0x0a,
  0x20, 0x20, 0x20, 0x20, 0x20, 0x20, 0x20, 0x20, 0x20, 0x20, 0x20, 0x20, 0x20, 0x20, 0x20, 0x20,
  0x66, 0x6c, 0x6f, 0x61, 0x74, 0x34, 0x20, 0x5f, 0x34, 0x38, 0x38, 0x3b, 0x0a, 0x20, 0x20, 0x20,
  0x20, 0x20, 0x20, 0x20, 0x20, 0x20, 0x20, 0x20, 0x20, 0x20, 0x20, 0x20, 0x20, 0x69, 0x66, 0x20,
  0x28, 0x5f, 0x39, 0x37, 0x20, 0x3d, 0x3d, 0x20, 0x34, 0x29, 0x0a, 0x20, 0x20, 0x20, 0x20, 0x20,
  0x20, 0x20, 0x20, 0x20, 0x20, 0x20, 0x20, 0x20, 0x20, 0x20, 0x20, 0x7b, 0x0a, 0x20, 0x20, 0x20,
  0x20, 0x20, 0x20, 0x20, 0x20, 0x20, 0x20, 0x20, 0x20, 0x20, 0x20, 0x20, 0x20, 0x20, 0x20, 0x20,
  0x20, 0x66, 0x6c, 0x6f, 0x61, 0x74, 0x34, 0x20, 0x5f, 0x34, 0x36, 0x35, 0x20, 0x3d, 0x20, 0x5f,
  0x31, 0x30, 0x31, 0x3b, 0x0a, 0x20, 0x20, 0x20, 0x20, 0x20, 0x20, 0x20, 0x20, 0x20, 0x20, 0x20,
  0x20, 0x20, 0x20, 0x20, 0x20, 0x20, 0x20, 0x20, 0x20, 0x5f, 0x34, 0x36, 0x35, 0x2e, 0x77, 0x20,
  0x3d, 0x20, 0x5f, 0x31, 0x30, 0x31, 0x2e, 0x77, 0x20, 0x2a, 0x20, 0x75, 0x5f, 0x74, 0x65, 0x78,
  0x74, 0x75, 0x72, 0x65, 0x2e, 0x73, 0x61, 0x6d, 0x70, 0x6c, 0x65, 0x28, 0x75, 0x5f, 0x74, 0x65,
  0x78, 0x74, 0x75, 0x72, 0x65, 0x53, 0x6d, 0x70, 0x6c, 0x72, 0x2c, 0x20, 0x69, 0x6e, 0x2e, 0x76,
  0x5f, 0x75, 0x76, 0x29, 0x2e, 0x78, 0x3b, 0x0a, 0x20, 0x20, 0x20, 0x20, 0x20, 0x20, 0x20, 0x20,
  0x20, 0x20, 0x20, 0x20, 0x20, 0x20, 0x20, 0x20, 0x20, 0x20, 0x20, 0x20, 0x5f, 0x34, 0x38, 0x38,
  0x20, 0x3d, 0x20, 0x5f, 0x34, 0x36, 0x35, 0x3b, 0x0a, 0x20, 0x20, 0x20, 0x20, 0x20, 0x20, 0x20,
  0x20, 0x20, 0x20, 0x20, 0x20, 0x20, 0x20, 0x20, 0x20, 0x7d, 0x0a, 0x20, 0x20, 0x20, 0x20, 0x20,
  0x20, 0x20, 0x20, 0x20, 0x20, 0x20, 0x20, 0x20, 0x20, 0x20, 0x20, 0x65, 0x6c, 0x73, 0x65, 0x0a,
  0x20, 0x20, 0x20, 0x20, 0x20, 0x20, 0x20, 0x20, 0x20, 0x20, 0x20, 0x20, 0x20, 0x20, 0x20, 0x20,
  0x7b, 0x0a, 0x20, 0x20, 0x20, 0x20, 0x20, 0x20, 0x20, 0x20, 0x20, 0x20, 0x20, 0x20, 0x20, 0x20,
  0x20, 0x20, 0x20, 0x20, 0x20, 0x20, 0x66, 0x6c, 0x6f, 0x61, 0x74, 0x34, 0x20, 0x5f, 0x34, 0x38,
  0x39, 0x3b, 0x0a, 0x20, 0x20, 0x20, 0x20, 0x20, 0x20, 0x20, 0x20, 0x20, 0x20, 0x20, 0x20, 0x20,
  0x20, 0x20, 0x20, 0x20, 0x20, 0x20, 0x20, 0x69, 0x66, 0x20, 0x28, 0x5f, 0x39, 0x37, 0x20, 0x3d,
  0x3d, 0x20, 0x35, 0x29, 0x0a, 0x20, 0x20, 0x20, 0x20, 0x20, 0x20, 0x20, 0x20, 0x20, 0x20, 0x20,
  0x20, 0x20, 0x20, 0x20, 0x20, 0x20, 0x20, 0x20, 0x20, 0x7b, 0x0a, 0x20, 0x20, 0x20, 0x20, 0x20,
  0x20, 0x20, 0x20, 0x20, 0x20, 0x20, 0x20, 0x20, 0x20, 0x20, 0x20, 0x20, 0x20, 0x20, 0x20, 0x20,
  0x20, 0x20, 0x20, 0x5f, 0x34, 0x38, 0x39, 0x20, 0x3d, 0x20, 0x5f, 0x31, 0x30, 0x31, 0x20, 0x2a,
  0x20, 0x75, 0x5f, 0x74, 0x65, 0x78, 0x74, 0x75, 0x72, 0x65, 0x2e, 0x73, 0x61, 0x6d, 0x70, 0x6c,
  0x65, 0x28, 0x75, 0x5f, 0x74, 0x65, 0x78, 0x74, 0x75, 0x72, 0x65, 0x53, 0x6d, 0x70, 0x6c, 0x72,
  0x2c, 0x20, 0x69, 0x6e, 0x2e, 0x76, 0x5f, 0x75, 0x76, 0x29, 0x3b, 0x0a, 0x20, 0x20, 0x20, 0x20,
  0x20, 0x20, 0x20, 0x20, 0x20, 0x20, 0x20, 0x20, 0x20, 0x20, 0x20, 0x20, 0x20, 0x20, 0x20, 0x20,
  0x7d, 0x0a, 0x20, 0x20, 0x20, 0x20, 0x20, 0x20, 0x20, 0x20, 0x20, 0x20, 0x20, 0x20, 0x20, 0x20,
  0x20, 0x20, 0x20, 0x20, 0x20, 0x20, 0x65, 0x6c, 0x73, 0x65, 0x0a, 0x20, 0x20, 0x20, 0x20, 0x20,
  0x20, 0x20, 0x20, 0x20, 0x20, 0x20, 0x20, 0x20, 0x20, 0x20, 0x20, 0x20, 0x20, 0x20, 0x20, 0x7b,
  0x0a, 0x20, 0x20, 0x20, 0x20, 0x20, 0x20, 0x20, 0x20, 0x20, 0x20, 0x20, 0x20, 0x20, 0x20, 0x20,
  0x20, 0x20, 0x20, 0x20, 0x20, 0x20, 0x20, 0x20, 0x20, 0x5f, 0x34, 0x38, 0x39, 0x20, 0x3d, 0x20,
  0x5f, 0x31, 0x30, 0x31, 0x3b, 0x0a, 0x20, 0x20, 0x20, 0x20, 0x20, 0x20, 0x20, 0x20, 0x20, 0x20,
  0x20, 0x20, 0x20, 0x20, 0x20, 0x20, 0x20, 0x20, 0x20, 0x20, 0x7d, 0x0a, 0x20, 0x20, 0x20, 0x20,
  0x20, 0x20, 0x20, 0x20, 0x20, 0x20, 0x20, 0x20, 0x20, 0x20, 0x20, 0x20, 0x20, 0x20, 0x20, 0x20,
  0x5f, 0x34, 0x38, 0x38, 0x20, 0x3d, 0x20, 0x5f, 0x34, 0x38, 0x39, 0x3b, 0x0a, 0x20, 0x20, 0x20,
  0x20, 0x20, 0x20, 0x20, 0x20, 0x20, 0x20, 0x20, 0x20, 0x20, 0x20, 0x20, 0x20, 0x7d, 0x0a, 0x20,
  0x20, 0x20, 0x20, 0x20, 0x20, 0x20, 0x20, 0x20, 0x20, 0x20, 0x20, 0x20, 0x20, 0x20, 0x20, 0x5f,
  0x34, 0x38, 0x37, 0x20, 0x3d, 0x20, 0x5f, 0x34, 0x38, 0x38, 0x3b, 0x0a, 0x20, 0x20, 0x20, 0x20,
  0x20, 0x20, 0x20, 0x20, 0x20, 0x20, 0x20, 0x20, 0x7d, 0x0a, 0x20, 0x20, 0x20, 0x20, 0x20, 0x20,
  0x20, 0x20, 0x20, 0x20, 0x20, 0x20, 0x5f, 0x34, 0x38, 0x36, 0x20, 0x3d, 0x20, 0x5f, 0x34, 0x38,
  0x37, 0x3b, 0x0a, 0x20, 0x20, 0x20, 0x20, 0x20, 0x20, 0x20, 0x20, 0x7d, 0x0a, 0x20, 0x20, 0x20,
  0x20, 0x20, 0x20, 0x20, 0x20, 0x5f, 0x34, 0x38, 0x35, 0x20, 0x3d, 0x20, 0x5f, 0x34, 0x38, 0x36,
  0x3b, 0x0a, 0x20, 0x20, 0x20, 0x20, 0x7d, 0x0a, 0x20, 0x20, 0x20, 0x20, 0x69, 0x66, 0x20, 0x28,
  0x5f, 0x34, 0x38, 0x35, 0x2e, 0x77, 0x20, 0x3c, 0x3d, 0x20, 0x30, 0x2e, 0x30, 0x29, 0x0a, 0x20,
  0x20, 0x20, 0x20, 0x7b, 0x0a, 0x20, 0x20, 0x20, 0x20, 0x20, 0x20, 0x20, 0x20, 0x64, 0x69, 0x73,
  0x63, 0x61, 0x72, 0x64, 0x5f, 0x66, 0x72, 0x61, 0x67, 0x6d, 0x65, 0x6e, 0x74, 0x28, 0x29, 0x3b,
  0x0a, 0x20, 0x20, 0x20, 0x20, 0x7d, 0x0a, 0x20, 0x20, 0x20, 0x20, 0x6f, 0x75, 0x74, 0x2e, 0x6f,
  0x5f, 0x63, 0x6f, 0x6c, 0x6f, 0x72, 0x20, 0x3d, 0x20, 0x5f, 0x34, 0x38, 0x35, 0x3b, 0x0a, 0x20,
  0x20, 0x20, 0x20, 0x72, 0x65, 0x74, 0x75, 0x72, 0x6e, 0x20, 0x6f, 0x75, 0x74, 0x3b, 0x0a, 0x7d,
  0x0a, 0x0a, 0x00,
};
static const uint32_t re_ui_fragment_spv[] = {
  0x07230203u, 0x00010600u, 0x000d000bu, 0x000001ecu, 0x00000000u, 0x00020011u, 0x00000001u, 0x00020011u,
  0x00001503u, 0x0006000bu, 0x00000001u, 0x4c534c47u, 0x6474732eu, 0x3035342eu, 0x00000000u, 0x0003000eu,
  0x00000000u, 0x00000001u, 0x000d000fu, 0x00000004u, 0x00000004u, 0x6e69616du, 0x00000000u, 0x0000003eu,
  0x0000005cu, 0x00000064u, 0x00000067u, 0x00000069u, 0x000000d3u, 0x000000d5u, 0x000000eeu, 0x00030010u,
  0x00000004u, 0x00000007u, 0x00030003u, 0x00000002u, 0x000001c2u, 0x000a0004u, 0x475f4c47u, 0x4c474f4fu,
  0x70635f45u, 0x74735f70u, 0x5f656c79u, 0x656e696cu, 0x7269645fu, 0x69746365u, 0x00006576u, 0x00080004u,
  0x475f4c47u, 0x4c474f4fu, 0x6e695f45u, 0x64756c63u, 0x69645f65u, 0x74636572u, 0x00657669u, 0x00040005u,
  0x00000004u, 0x6e69616du, 0x00000000u, 0x00040005u, 0x0000003eu, 0x61725f76u, 0x00696964u, 0x00040005u,
  0x0000005cu, 0x78655f76u, 0x00617274u, 0x00040005u, 0x00000064u, 0x6f635f76u, 0x00726f6cu, 0x00040005u,
  0x00000067u, 0x6f705f76u, 0x00000073u, 0x00040005u, 0x00000069u, 0x68735f76u, 0x00657061u, 0x00050005u,
  0x000000d3u, 0x65745f75u, 0x72757478u, 0x00000065u, 0x00040005u, 0x000000d5u, 0x76755f76u, 0x00000000u,
  0x00040005u, 0x000000eeu, 0x6f635f6fu, 0x00726f6cu, 0x00030047u, 0x0000003eu, 0x0000000eu, 0x00040047u,
  0x0000003eu, 0x0000001eu, 0x00000004u, 0x00030047u, 0x0000005cu, 0x0000000eu, 0x00040047u, 0x0000005cu,
  0x0000001eu, 0x00000005u, 0x00040047u, 0x00000064u, 0x0000001eu, 0x00000002u, 0x00040047u, 0x00000067u,
  0x0000001eu, 0x00000000u, 0x00030047u, 0x00000069u, 0x0000000eu, 0x00040047u, 0x00000069u, 0x0000001eu,
  0x00000003u, 0x00040047u, 0x000000d3u, 0x00000021u, 0x00000001u, 0x00040047u, 0x000000d3u, 0x00000022u,
  0x00000000u, 0x00040047u, 0x000000d5u, 0x0000001eu, 0x00000001u, 0x00040047u, 0x000000eeu, 0x0000001eu,
  0x00000000u, 0x00020013u, 0x00000002u, 0x00030021u, 0x00000003u, 0x00000002u, 0x00030016u, 0x00000006u,
  0x00000020u, 0x00040017u, 0x00000007u, 0x00000006u, 0x00000002u, 0x0004002bu, 0x00000006u, 0x0000001du,
  0x00000000u, 0x00040015u, 0x00000021u, 0x00000020u, 0x00000000u, 0x0004002bu, 0x00000021u, 0x00000022u,
  0x00000000u, 0x0004002bu, 0x00000021u, 0x00000025u, 0x00000001u, 0x00020014u, 0x00000031u, 0x00040017u,
  0x0000003cu, 0x00000006u, 0x00000004u, 0x00040020u, 0x0000003du, 0x00000001u, 0x0000003cu, 0x0004003bu,
  0x0000003du, 0x0000003eu, 0x00000001u, 0x00040020u, 0x0000003fu, 0x00000001u, 0x00000006u, 0x0004002bu,
  0x00000021u, 0x00000043u, 0x00000003u, 0x0004002bu, 0x00000021u, 0x00000051u, 0x00000002u, 0x00040015u,
  0x00000058u, 0x00000020u, 0x00000001u, 0x00040020u, 0x0000005bu, 0x00000001u, 0x00000007u, 0x0004003bu,
  0x0000005bu, 0x0000005cu, 0x00000001u, 0x0004002bu, 0x00000006u, 0x0000005fu, 0x3f000000u, 0x0004003bu,
  0x0000003du, 0x00000064u, 0x00000001u, 0x0004003bu, 0x0000005bu, 0x00000067u, 0x00000001u, 0x0004003bu,
  0x0000003du, 0x00000069u, 0x00000001u, 0x0004002bu, 0x00000058u, 0x00000074u, 0x00000001u, 0x0004002bu,
  0x00000006u, 0x00000082u, 0x3f800000u, 0x0004002bu, 0x00000058u, 0x0000008au, 0x00000002u, 0x0004002bu,
  0x00000058u, 0x000000b6u, 0x00000003u, 0x0004002bu, 0x00000058u, 0x000000ccu, 0x00000004u, 0x00090019u,
  0x000000d0u, 0x00000006u, 0x00000001u, 0x00000000u, 0x00000000u, 0x00000000u, 0x00000001u, 0x00000000u,
  0x0003001bu, 0x000000d1u, 0x000000d0u, 0x00040020u, 0x000000d2u, 0x00000000u, 0x000000d1u, 0x0004003bu,
  0x000000d2u, 0x000000d3u, 0x00000000u, 0x0004003bu, 0x0000005bu, 0x000000d5u, 0x00000001u, 0x0004002bu,
  0x00000058u, 0x000000dfu, 0x00000005u, 0x00040020u, 0x000000edu, 0x00000003u, 0x0000003cu, 0x0004003bu,
  0x000000edu, 0x000000eeu, 0x00000003u, 0x0005002cu, 0x00000007u, 0x000001ebu, 0x0000001du, 0x0000001du,
  0x00050036u, 0x00000002u, 0x00000004u, 0x00000000u, 0x00000003u, 0x000200f8u, 0x00000005u, 0x00050041u,
  0x0000003fu, 0x0000005du, 0x0000005cu, 0x00000025u, 0x0004003du, 0x00000006u, 0x0000005eu, 0x0000005du,
  0x00050081u, 0x00000006u, 0x00000060u, 0x0000005eu, 0x0000005fu, 0x0004006eu, 0x00000058u, 0x00000061u,
  0x00000060u, 0x0004003du, 0x0000003cu, 0x00000065u, 0x00000064u, 0x0004003du, 0x00000007u, 0x00000068u,
  0x00000067u, 0x0004003du, 0x0000003cu, 0x0000006au, 0x00000069u, 0x0007004fu, 0x00000007u, 0x0000006bu,
  0x0000006au, 0x0000006au, 0x00000000u, 0x00000001u, 0x00050083u, 0x00000007u, 0x0000006cu, 0x00000068u,
  0x0000006bu, 0x0007004fu, 0x00000007u, 0x0000006fu, 0x0000006au, 0x0000006au, 0x00000002u, 0x00000003u,
  0x00050041u, 0x0000003fu, 0x00000071u, 0x0000005cu, 0x00000022u, 0x0004003du, 0x00000006u, 0x00000072u,
  0x00000071u, 0x000500aau, 0x00000031u, 0x00000075u, 0x00000061u, 0x00000074u, 0x000300f7u, 0x00000077u,
  0x00000000u, 0x000400fau, 0x00000075u, 0x00000076u, 0x00000088u, 0x000200f8u, 0x00000076u, 0x00050051u,
  0x00000006u, 0x000000f9u, 0x0000006cu, 0x00000000u, 0x000500b8u, 0x00000031u, 0x000000fau, 0x000000f9u,
  0x0000001du, 0x000300f7u, 0x00000113u, 0x00000000u, 0x000400fau, 0x000000fau, 0x000000fbu, 0x00000107u,
  0x000200f8u, 0x000000fbu, 0x00050051u, 0x00000006u, 0x000000fdu, 0x0000006cu, 0x00000001u, 0x000500b8u,
  0x00000031u, 0x000000feu, 0x000000fdu, 0x0000001du, 0x000300f7u, 0x00000105u, 0x00000000u, 0x000400fau,
  0x000000feu, 0x000000ffu, 0x00000102u, 0x000200f8u, 0x000000ffu, 0x00050041u, 0x0000003fu, 0x00000100u,
  0x0000003eu, 0x00000022u, 0x0004003du, 0x00000006u, 0x00000101u, 0x00000100u, 0x000200f9u, 0x00000105u,
  0x000200f8u, 0x00000102u, 0x00050041u, 0x0000003fu, 0x00000103u, 0x0000003eu, 0x00000043u, 0x0004003du,
  0x00000006u, 0x00000104u, 0x00000103u, 0x000200f9u, 0x00000105u, 0x000200f8u, 0x00000105u, 0x000700f5u,
  0x00000006u, 0x000001e0u, 0x00000101u, 0x000000ffu, 0x00000104u, 0x00000102u, 0x000200f9u, 0x00000113u,
  0x000200f8u, 0x00000107u, 0x00050051u, 0x00000006u, 0x00000109u, 0x0000006cu, 0x00000001u, 0x000500b8u,
  0x00000031u, 0x0000010au, 0x00000109u, 0x0000001du, 0x000300f7u, 0x00000111u, 0x00000000u, 0x000400fau,
  0x0000010au, 0x0000010bu, 0x0000010eu, 0x000200f8u, 0x0000010bu, 0x00050041u, 0x0000003fu, 0x0000010cu,
  0x0000003eu, 0x00000025u, 0x0004003du, 0x00000006u, 0x0000010du, 0x0000010cu, 0x000200f9u, 0x00000111u,
  0x000200f8u, 0x0000010eu, 0x00050041u, 0x0000003fu, 0x0000010fu, 0x0000003eu, 0x00000051u, 0x0004003du,
  0x00000006u, 0x00000110u, 0x0000010fu, 0x000200f9u, 0x00000111u, 0x000200f8u, 0x00000111u, 0x000700f5u,
  0x00000006u, 0x000001dfu, 0x0000010du, 0x0000010bu, 0x00000110u, 0x0000010eu, 0x000200f9u, 0x00000113u,
  0x000200f8u, 0x00000113u, 0x000700f5u, 0x00000006u, 0x000001e1u, 0x000001e0u, 0x00000105u, 0x000001dfu,
  0x00000111u, 0x0006000cu, 0x00000007u, 0x00000119u, 0x00000001u, 0x00000004u, 0x0000006cu, 0x00050050u,
  0x00000007u, 0x0000011cu, 0x000001e1u, 0x000001e1u, 0x00050083u, 0x00000007u, 0x0000011du, 0x0000006fu,
  0x0000011cu, 0x00050083u, 0x00000007u, 0x0000011eu, 0x00000119u, 0x0000011du, 0x0007000cu, 0x00000007u,
  0x00000121u, 0x00000001u, 0x00000028u, 0x0000011eu, 0x000001ebu, 0x0006000cu, 0x00000006u, 0x00000122u,
  0x00000001u, 0x00000042u, 0x00000121u, 0x00050051u, 0x00000006u, 0x00000124u, 0x0000011eu, 0x00000000u,
  0x00050051u, 0x00000006u, 0x00000126u, 0x0000011eu, 0x00000001u, 0x0007000cu, 0x00000006u, 0x00000127u,
  0x00000001u, 0x00000028u, 0x00000124u, 0x00000126u, 0x0007000cu, 0x00000006u, 0x00000128u, 0x00000001u,
  0x00000025u, 0x00000127u, 0x0000001du, 0x00050081u, 0x00000006u, 0x00000129u, 0x00000122u, 0x00000128u,
  0x00050083u, 0x00000006u, 0x0000012bu, 0x00000129u, 0x000001e1u, 0x00050083u, 0x00000006u, 0x00000081u,
  0x0000005fu, 0x0000012bu, 0x0008000cu, 0x00000006u, 0x00000083u, 0x00000001u, 0x0000002bu, 0x00000081u,
  0x0000001du, 0x00000082u, 0x00050051u, 0x00000006u, 0x00000085u, 0x00000065u, 0x00000003u, 0x00050085u,
  0x00000006u, 0x00000086u, 0x00000085u, 0x00000083u, 0x00060052u, 0x0000003cu, 0x000001bcu, 0x00000086u,
  0x00000065u, 0x00000003u, 0x000200f9u, 0x00000077u, 0x000200f8u, 0x00000088u, 0x000500aau, 0x00000031u,
  0x0000008bu, 0x00000061u, 0x0000008au, 0x000300f7u, 0x0000008du, 0x00000000u, 0x000400fau, 0x0000008bu,
  0x0000008cu, 0x000000b4u, 0x000200f8u, 0x0000008cu, 0x00050051u, 0x00000006u, 0x00000132u, 0x0000006cu,
  0x00000000u, 0x000500b8u, 0x00000031u, 0x00000133u, 0x00000132u, 0x0000001du, 0x000300f7u, 0x0000014cu,
  0x00000000u, 0x000400fau, 0x00000133u, 0x00000134u, 0x00000140u, 0x000200f8u, 0x00000134u, 0x00050051u,
  0x00000006u, 0x00000136u, 0x0000006cu, 0x00000001u, 0x000500b8u, 0x00000031u, 0x00000137u, 0x00000136u,
  0x0000001du, 0x000300f7u, 0x0000013eu, 0x00000000u, 0x000400fau, 0x00000137u, 0x00000138u, 0x0000013bu,
  0x000200f8u, 0x00000138u, 0x00050041u, 0x0000003fu, 0x00000139u, 0x0000003eu, 0x00000022u, 0x0004003du,
  0x00000006u, 0x0000013au, 0x00000139u, 0x000200f9u, 0x0000013eu, 0x000200f8u, 0x0000013bu, 0x00050041u,
  0x0000003fu, 0x0000013cu, 0x0000003eu, 0x00000043u, 0x0004003du, 0x00000006u, 0x0000013du, 0x0000013cu,
  0x000200f9u, 0x0000013eu, 0x000200f8u, 0x0000013eu, 0x000700f5u, 0x00000006u, 0x000001dau, 0x0000013au,
  0x00000138u, 0x0000013du, 0x0000013bu, 0x000200f9u, 0x0000014cu, 0x000200f8u, 0x00000140u, 0x00050051u,
  0x00000006u, 0x00000142u, 0x0000006cu, 0x00000001u, 0x000500b8u, 0x00000031u, 0x00000143u, 0x00000142u,
  0x0000001du, 0x000300f7u, 0x0000014au, 0x00000000u, 0x000400fau, 0x00000143u, 0x00000144u, 0x00000147u,
  0x000200f8u, 0x00000144u, 0x00050041u, 0x0000003fu, 0x00000145u, 0x0000003eu, 0x00000025u, 0x0004003du,
  0x00000006u, 0x00000146u, 0x00000145u, 0x000200f9u, 0x0000014au, 0x000200f8u, 0x00000147u, 0x00050041u,
  0x0000003fu, 0x00000148u, 0x0000003eu, 0x00000051u, 0x0004003du, 0x00000006u, 0x00000149u, 0x00000148u,
  0x000200f9u, 0x0000014au, 0x000200f8u, 0x0000014au, 0x000700f5u, 0x00000006u, 0x000001d9u, 0x00000146u,
  0x00000144u, 0x00000149u, 0x00000147u, 0x000200f9u, 0x0000014cu, 0x000200f8u, 0x0000014cu, 0x000700f5u,
  0x00000006u, 0x000001dbu, 0x000001dau, 0x0000013eu, 0x000001d9u, 0x0000014au, 0x0006000cu, 0x00000007u,
  0x00000152u, 0x00000001u, 0x00000004u, 0x0000006cu, 0x00050050u, 0x00000007u, 0x00000155u, 0x000001dbu,
  0x000001dbu, 0x00050083u, 0x00000007u, 0x00000156u, 0x0000006fu, 0x00000155u, 0x00050083u, 0x00000007u,
  0x00000157u, 0x00000152u, 0x00000156u, 0x0007000cu, 0x00000007u, 0x0000015au, 0x00000001u, 0x00000028u,
  0x00000157u, 0x000001ebu, 0x0006000cu, 0x00000006u, 0x0000015bu, 0x00000001u, 0x00000042u, 0x0000015au,
  0x00050051u, 0x00000006u, 0x0000015du, 0x00000157u, 0x00000000u, 0x00050051u, 0x00000006u, 0x0000015fu,
  0x00000157u, 0x00000001u, 0x0007000cu, 0x00000006u, 0x00000160u, 0x00000001u, 0x00000028u, 0x0000015du,
  0x0000015fu, 0x0007000cu, 0x00000006u, 0x00000161u, 0x00000001u, 0x00000025u, 0x00000160u, 0x0000001du,
  0x00050081u, 0x00000006u, 0x00000162u, 0x0000015bu, 0x00000161u, 0x00050083u, 0x00000006u, 0x00000164u,
  0x00000162u, 0x000001dbu, 0x00050083u, 0x00000006u, 0x0000009au, 0x0000005fu, 0x00000164u, 0x0008000cu,
  0x00000006u, 0x0000009bu, 0x00000001u, 0x0000002bu, 0x0000009au, 0x0000001du, 0x00000082u, 0x00050050u,
  0x00000007u, 0x0000009fu, 0x00000072u, 0x00000072u, 0x00050083u, 0x00000007u, 0x000000a0u, 0x0000006fu,
  0x0000009fu, 0x00050083u, 0x00000006u, 0x000000a3u, 0x000001dbu, 0x00000072u, 0x0007000cu, 0x00000006u,
  0x000000a4u, 0x00000001u, 0x00000028u, 0x000000a3u, 0x0000001du, 0x00050050u, 0x00000007u, 0x0000016cu,
  0x000000a4u, 0x000000a4u, 0x00050083u, 0x00000007u, 0x0000016du, 0x000000a0u, 0x0000016cu, 0x00050083u,
  0x00000007u, 0x0000016eu, 0x00000152u, 0x0000016du, 0x0007000cu, 0x00000007u, 0x00000171u, 0x00000001u,
  0x00000028u, 0x0000016eu, 0x000001ebu, 0x0006000cu, 0x00000006u, 0x00000172u, 0x00000001u, 0x00000042u,
  0x00000171u, 0x00050051u, 0x00000006u, 0x00000174u, 0x0000016eu, 0x00000000u, 0x00050051u, 0x00000006u,
  0x00000176u, 0x0000016eu, 0x00000001u, 0x0007000cu, 0x00000006u, 0x00000177u, 0x00000001u, 0x00000028u,
  0x00000174u, 0x00000176u, 0x0007000cu, 0x00000006u, 0x00000178u, 0x00000001u, 0x00000025u, 0x00000177u,
  0x0000001du, 0x00050081u, 0x00000006u, 0x00000179u, 0x00000172u, 0x00000178u, 0x00050083u, 0x00000006u,
  0x0000017bu, 0x00000179u, 0x000000a4u, 0x00050083u, 0x00000006u, 0x000000aau, 0x0000005fu, 0x0000017bu,
  0x0008000cu, 0x00000006u, 0x000000abu, 0x00000001u, 0x0000002bu, 0x000000aau, 0x0000001du, 0x00000082u,
  0x00050083u, 0x00000006u, 0x000000aeu, 0x00000082u, 0x000000abu, 0x00050085u, 0x00000006u, 0x000000afu,
  0x0000009bu, 0x000000aeu, 0x00050051u, 0x00000006u, 0x000000b1u, 0x00000065u, 0x00000003u, 0x00050085u,
  0x00000006u, 0x000000b2u, 0x000000b1u, 0x000000afu, 0x00060052u, 0x0000003cu, 0x000001c6u, 0x000000b2u,
  0x00000065u, 0x00000003u, 0x000200f9u, 0x0000008du, 0x000200f8u, 0x000000b4u, 0x000500aau, 0x00000031u,
  0x000000b7u, 0x00000061u, 0x000000b6u, 0x000300f7u, 0x000000b9u, 0x00000000u, 0x000400fau, 0x000000b7u,
  0x000000b8u, 0x000000cau, 0x000200f8u, 0x000000b8u, 0x00050051u, 0x00000006u, 0x00000182u, 0x0000006cu,
  0x00000000u, 0x000500b8u, 0x00000031u, 0x00000183u, 0x00000182u, 0x0000001du, 0x000300f7u, 0x0000019cu,
  0x00000000u, 0x000400fau, 0x00000183u, 0x00000184u, 0x00000190u, 0x000200f8u, 0x00000184u, 0x00050051u,
  0x00000006u, 0x00000186u, 0x0000006cu, 0x00000001u, 0x000500b8u, 0x00000031u, 0x00000187u, 0x00000186u,
  0x0000001du, 0x000300f7u, 0x0000018eu, 0x00000000u, 0x000400fau, 0x00000187u, 0x00000188u, 0x0000018bu,
  0x000200f8u, 0x00000188u, 0x00050041u, 0x0000003fu, 0x00000189u, 0x0000003eu, 0x00000022u, 0x0004003du,
  0x00000006u, 0x0000018au, 0x00000189u, 0x000200f9u, 0x0000018eu, 0x000200f8u, 0x0000018bu, 0x00050041u,
  0x0000003fu, 0x0000018cu, 0x0000003eu, 0x00000043u, 0x0004003du, 0x00000006u, 0x0000018du, 0x0000018cu,
  0x000200f9u, 0x0000018eu, 0x000200f8u, 0x0000018eu, 0x000700f5u, 0x00000006u, 0x000001d4u, 0x0000018au,
  0x00000188u, 0x0000018du, 0x0000018bu, 0x000200f9u, 0x0000019cu, 0x000200f8u, 0x00000190u, 0x00050051u,
  0x00000006u, 0x00000192u, 0x0000006cu, 0x00000001u, 0x000500b8u, 0x00000031u, 0x00000193u, 0x00000192u,
  0x0000001du, 0x000300f7u, 0x0000019au, 0x00000000u, 0x000400fau, 0x00000193u, 0x00000194u, 0x00000197u,
  0x000200f8u, 0x00000194u, 0x00050041u, 0x0000003fu, 0x00000195u, 0x0000003eu, 0x00000025u, 0x0004003du,
  0x00000006u, 0x00000196u, 0x00000195u, 0x000200f9u, 0x0000019au, 0x000200f8u, 0x00000197u, 0x00050041u,
  0x0000003fu, 0x00000198u, 0x0000003eu, 0x00000051u, 0x0004003du, 0x00000006u, 0x00000199u, 0x00000198u,
  0x000200f9u, 0x0000019au, 0x000200f8u, 0x0000019au, 0x000700f5u, 0x00000006u, 0x000001d3u, 0x00000196u,
  0x00000194u, 0x00000199u, 0x00000197u, 0x000200f9u, 0x0000019cu, 0x000200f8u, 0x0000019cu, 0x000700f5u,
  0x00000006u, 0x000001d5u, 0x000001d4u, 0x0000018eu, 0x000001d3u, 0x0000019au, 0x0006000cu, 0x00000007u,
  0x000001a2u, 0x00000001u, 0x00000004u, 0x0000006cu, 0x00050050u, 0x00000007u, 0x000001a5u, 0x000001d5u,
  0x000001d5u, 0x00050083u, 0x00000007u, 0x000001a6u, 0x0000006fu, 0x000001a5u, 0x00050083u, 0x00000007u,
  0x000001a7u, 0x000001a2u, 0x000001a6u, 0x0007000cu, 0x00000007u, 0x000001aau, 0x00000001u, 0x00000028u,
  0x000001a7u, 0x000001ebu, 0x0006000cu, 0x00000006u, 0x000001abu, 0x00000001u, 0x00000042u, 0x000001aau,
  0x00050051u, 0x00000006u, 0x000001adu, 0x000001a7u, 0x00000000u, 0x00050051u, 0x00000006u, 0x000001afu,
  0x000001a7u, 0x00000001u, 0x0007000cu, 0x00000006u, 0x000001b0u, 0x00000001u, 0x00000028u, 0x000001adu,
  0x000001afu, 0x0007000cu, 0x00000006u, 0x000001b1u, 0x00000001u, 0x00000025u, 0x000001b0u, 0x0000001du,
  0x00050081u, 0x00000006u, 0x000001b2u, 0x000001abu, 0x000001b1u, 0x00050083u, 0x00000006u, 0x000001b4u,
  0x000001b2u, 0x000001d5u, 0x0008000cu, 0x00000006u, 0x000000c4u, 0x00000001u, 0x00000031u, 0x0000001du,
  0x00000072u, 0x000001b4u, 0x00050083u, 0x00000006u, 0x000000c5u, 0x00000082u, 0x000000c4u, 0x00050051u,
  0x00000006u, 0x000000c7u, 0x00000065u, 0x00000003u, 0x00050085u, 0x00000006u, 0x000000c8u, 0x000000c7u,
  0x000000c5u, 0x00060052u, 0x0000003cu, 0x000001ceu, 0x000000c8u, 0x00000065u, 0x00000003u, 0x000200f9u,
  0x000000b9u, 0x000200f8u, 0x000000cau, 0x000500aau, 0x00000031u, 0x000000cdu, 0x00000061u, 0x000000ccu,
  0x000300f7u, 0x000000cfu, 0x00000000u, 0x000400fau, 0x000000cdu, 0x000000ceu, 0x000000ddu, 0x000200f8u,
  0x000000ceu, 0x0004003du, 0x000000d1u, 0x000000d4u, 0x000000d3u, 0x0004003du, 0x00000007u, 0x000000d6u,
  0x000000d5u, 0x00050057u, 0x0000003cu, 0x000000d7u, 0x000000d4u, 0x000000d6u, 0x00050051u, 0x00000006u,
  0x000000d8u, 0x000000d7u, 0x00000000u, 0x00050051u, 0x00000006u, 0x000000dau, 0x00000065u, 0x00000003u,
  0x00050085u, 0x00000006u, 0x000000dbu, 0x000000dau, 0x000000d8u, 0x00060052u, 0x0000003cu, 0x000001d1u,
  0x000000dbu, 0x00000065u, 0x00000003u, 0x000200f9u, 0x000000cfu, 0x000200f8u, 0x000000ddu, 0x000500aau,
  0x00000031u, 0x000000e0u, 0x00000061u, 0x000000dfu, 0x000300f7u, 0x000000e2u, 0x00000000u, 0x000400fau,
  0x000000e0u, 0x000000e1u, 0x000000e2u, 0x000200f8u, 0x000000e1u, 0x0004003du, 0x000000d1u, 0x000000e3u,
  0x000000d3u, 0x0004003du, 0x00000007u, 0x000000e4u, 0x000000d5u, 0x00050057u, 0x0000003cu, 0x000000e5u,
  0x000000e3u, 0x000000e4u, 0x00050085u, 0x0000003cu, 0x000000e7u, 0x00000065u, 0x000000e5u, 0x000200f9u,
  0x000000e2u, 0x000200f8u, 0x000000e2u, 0x000700f5u, 0x0000003cu, 0x000001e9u, 0x00000065u, 0x000000ddu,
  0x000000e7u, 0x000000e1u, 0x000200f9u, 0x000000cfu, 0x000200f8u, 0x000000cfu, 0x000700f5u, 0x0000003cu,
  0x000001e8u, 0x000001d1u, 0x000000ceu, 0x000001e9u, 0x000000e2u, 0x000200f9u, 0x000000b9u, 0x000200f8u,
  0x000000b9u, 0x000700f5u, 0x0000003cu, 0x000001e7u, 0x000001ceu, 0x0000019cu, 0x000001e8u, 0x000000cfu,
  0x000200f9u, 0x0000008du, 0x000200f8u, 0x0000008du, 0x000700f5u, 0x0000003cu, 0x000001e6u, 0x000001c6u,
  0x0000014cu, 0x000001e7u, 0x000000b9u, 0x000200f9u, 0x00000077u, 0x000200f8u, 0x00000077u, 0x000700f5u,
  0x0000003cu, 0x000001e5u, 0x000001bcu, 0x00000113u, 0x000001e6u, 0x0000008du, 0x00050051u, 0x00000006u,
  0x000000e9u, 0x000001e5u, 0x00000003u, 0x000500bcu, 0x00000031u, 0x000000eau, 0x000000e9u, 0x0000001du,
  0x000300f7u, 0x000000ecu, 0x00000000u, 0x000400fau, 0x000000eau, 0x000000ebu, 0x000000ecu, 0x000200f8u,
  0x000000ebu, 0x00011504u, 0x000200f9u, 0x000000ecu, 0x000200f8u, 0x000000ecu, 0x0003003eu, 0x000000eeu,
  0x000001e5u, 0x000100fdu, 0x00010038u,
};

#endif
